{
 "type": "FeatureCollection",
 "features": [
  {
   "type": "Feature",
   "geometry": {
    "type": "Point",
    "coordinates": [
     -79.87539302984219,
     32.78762982245262
    ]
   },
   "properties": {
    "source": "dhec",
    "project_id": "-1071936271828494919",
    "name": "Whilden and Royall Streetscape",
    "description": "BCM - Coastal Zone Consistency — This project consists of the construction of curb bump outs, sidewalks, and speed control measures along Whilden St and Royall Ave in Mount Pleasant, SC for safety and aesthetic purposes. The project begins at the intersection of Whilden St and Live Oak Dr and ends at the intersection of Royall Ave and King St. Construction activities include pavement removal, pavement resurfacing, installing curb and gutter, installing and replacing sidewalk, restriping and delineating parking, sign upgrades, and limited full depth pavement and driveway reconstruction. Sediment control measures during construction will consist of inlet protection at the existing catch basins and drop inlets and installation of permanent grass and vegetation in curb bump outs. The general existing condition is a paved roadway with limited curbing, asphalt and concrete sidewalks, and drop inlets within the pavement or grassed shoulders. Stormwater will continuing going to the current system, but drop inlets within the pavement will now be within vegetated curb bump outs that will decrease runoff quantity and improve quality. The total disturbed area is about 0.57 acres for Stormwater permit. There are no wetlands located withing the project limits.",
    "status": "Public Notice - Application",
    "address": "Whilden St",
    "application_date": "2025-07-25",
    "collection_date": "2025-07-27",
    "url": "https://epermitting.des.sc.gov/ext/nsite/profile/-4302380621648931716?tab=DETAIL",
    "updated_at": "2026-07-12 13:43:42"
   }
  },
  {
   "type": "Feature",
   "geometry": {
    "type": "Point",
    "coordinates": [
     -79.8854649066925,
     32.78904685910516
    ]
   },
   "properties": {
    "source": "dhec",
    "project_id": "-178967208875536491",
    "name": "Town of Mount Pleasant Shem Creek",
    "description": "BCM - Critical Area — MAJOR",
    "status": "Public Notice - Application",
    "address": "102 Haddrell Street",
    "application_date": "2025-12-17",
    "collection_date": "2025-12-18",
    "url": "https://epermitting.des.sc.gov/ext/nsite/default/map/results/detail/343447866/detail",
    "updated_at": "2026-07-12 13:43:42"
   }
  },
  {
   "type": "Feature",
   "geometry": {
    "type": "Point",
    "coordinates": [
     -79.763249,
     32.88007760000001
    ]
   },
   "properties": {
    "source": "dhec",
    "project_id": "-1802249827271505885",
    "name": "BMC Mercedes-Benz at Carolina Park - Phase 3",
    "description": "BCM - Coastal Zone Consistency — The owner, Baker Motor Company, proposes to construct the required HWY-17 right turn lane and entrance drive to the commercial site. Sidewalk is to be replaced, a cross walk added, appropriate striping, and signage will be provided. 0.8 acres of land disturbance for Stormwater permit. No wetland impacts.",
    "status": "Public Notice - Application",
    "address": "3570 N HIGHWAY 17",
    "application_date": "2026-07-10",
    "collection_date": "2026-07-12",
    "url": "https://epermitting.des.sc.gov/ext/nsite/default/map/results/detail/8886548463343097152/detail",
    "updated_at": "2026-07-12 13:43:42"
   }
  },
  {
   "type": "Feature",
   "geometry": {
    "type": "Point",
    "coordinates": [
     -79.763249,
     32.88007760000001
    ]
   },
   "properties": {
    "source": "dhec",
    "project_id": "-199498016152829499",
    "name": "BMC Mercedes-Benz at Carolina Park - Phase 2",
    "description": "BCM - Coastal Zone Consistency — The project proposes to construct a new commercial space with areas designated for automotive sales, operations, vehicle maintenance, and car washing. The site contains a paved parking lot with curb and gutter, drive aisles, landscaping, and all necessary utility connections and appurtenances. The remaining land on the west side will be a future commercial use and is not proposed to be subdivided. Underground detention chambers will be used to control stormwater runoff. The total site area is 8.26 acres. The disturbed area is 7.2 acres for Stormwater permit. Not wetland impacts are proposed.",
    "status": "Public Notice - Application",
    "address": "3570 N Highway 17",
    "application_date": "2025-10-17",
    "collection_date": "2025-10-17",
    "url": "https://epermitting.des.sc.gov/ext/nsite/default/map/results/detail/351151704/detail",
    "updated_at": "2026-07-12 13:43:42"
   }
  },
  {
   "type": "Feature",
   "geometry": {
    "type": "Point",
    "coordinates": [
     -79.7937535,
     32.8604696
    ]
   },
   "properties": {
    "source": "dhec",
    "project_id": "-2287522655644877329",
    "name": "Operation Home CDBG Projects - Part 2",
    "description": "BCM - Coastal Zone Consistency — Federal funding assistance in Charleston County for the rehabilitation of the homes listed within this package is to bring them up to code. The scopes of work for these types of projects include the following: Acquisition of property, Roof repair/replacement, HVAC repair/replacement, Electrical repair/replacement, Plumbing repair/replacement, Repair of any areas that may have water intrusion including windows, walls, doors, floors, roofs, and around plumbing fixtures, Acquisition of property, and saftey repairs. No wetland impacts.",
    "status": "Public Notice - Application",
    "address": "2946 N HIGHWAY 17",
    "application_date": "2025-12-12",
    "collection_date": "2025-12-13",
    "url": "https://epermitting.des.sc.gov/ext/nsite/default/map/results/detail/352868377/detail",
    "updated_at": "2026-07-12 13:43:42"
   }
  },
  {
   "type": "Feature",
   "geometry": {
    "type": "Point",
    "coordinates": [
     -79.78141683655473,
     32.869127531291404
    ]
   },
   "properties": {
    "source": "dhec",
    "project_id": "-2644833627282341826",
    "name": "Highway 17 N Village",
    "description": "BCM - Coastal Zone Consistency — 4.3 acres of construction of approximately 30,000 SF of mixed-use commercial and associated infrastructure for Stormwater, Wastewater, and Water permits. 0.61 acres of non-jurisdictional wetland impacts.",
    "status": "Public Notice - Application",
    "address": "Joe Bryant Court",
    "application_date": "2025-12-04",
    "collection_date": "2025-12-05",
    "url": "https://epermitting.des.sc.gov/ext/nsite/default/map/results/detail/343505431/detail",
    "updated_at": "2026-07-12 13:43:42"
   }
  },
  {
   "type": "Feature",
   "geometry": {
    "type": "Point",
    "coordinates": [
     -79.8794051,
     32.7872597
    ]
   },
   "properties": {
    "source": "dhec",
    "project_id": "-2657053036393487755",
    "name": "Tip Grange Simons",
    "description": "BCM - Critical Area — REVISED AMENDMENT",
    "status": "Public Notice - Application",
    "address": "223 BENNETT ST",
    "application_date": "2025-10-17",
    "collection_date": "2025-10-18",
    "url": "https://epermitting.des.sc.gov/ext/nsite/default/map/results/detail/9806812/detail",
    "updated_at": "2026-07-12 13:43:42"
   }
  },
  {
   "type": "Feature",
   "geometry": {
    "type": "Point",
    "coordinates": [
     -79.7550639,
     32.8802473
    ]
   },
   "properties": {
    "source": "dhec",
    "project_id": "-2845347302740561961",
    "name": "Tower Drive Subdivision",
    "description": "BCM - Coastal Zone Consistency — Habitat for Humanity proposes to sub-divide the lot into four single-family residential lots consisting of 0.36, 0.41, 0.37, and 0.27 acres, as well as one stormwater tract consisting of 0.21 acres. The site will contain an approved access easement. 1.6 acres of land disturbance for Stormwater permit. No wetland impacts.",
    "status": "Public Notice - Application",
    "address": "3667 Tower Drive",
    "application_date": "2026-02-18",
    "collection_date": "2026-02-19",
    "url": "https://epermitting.des.sc.gov/ext/nsite/default/map/results/detail/344267145/detail",
    "updated_at": "2026-07-12 13:43:42"
   }
  },
  {
   "type": "Feature",
   "geometry": {
    "type": "Point",
    "coordinates": [
     -79.81081139999999,
     32.8315169
    ]
   },
   "properties": {
    "source": "dhec",
    "project_id": "-2955870592348368996",
    "name": "2154 Rifle Range",
    "description": "BCM - Coastal Zone Consistency — The existing single family structure fronts Rifle Range with two driveways. The existing house and basketball court will be demolished. New Lot G-1 will utilize the existing driveway apron. New Lot G-2 will require a scdot driveway encroachment permit.\n\nThe proposed subdivision results in 2 single-family parcels, resulting in 0.24 acres of impervious coverage (+0.11 acres). Minor side yard swales will be installed to capture the increased stormwater runoff and mimic existing drainage patterns. The lots will be split graded, front yard draining towards the street and the rear yard towards the 20’ drainage easement. Overall, the increased impervious area and runoff will be mitigated by the proposed swale system and therefore not impact the existing infrastructure. 0.94 acres of land disturbance for Stormwater permit. No wetland impacts.",
    "status": "Public Notice - Application",
    "address": "2154 Rifle Range Road",
    "application_date": "2026-01-16",
    "collection_date": "2026-01-17",
    "url": "https://epermitting.des.sc.gov/ext/nsite/default/map/results/detail/373310838/detail",
    "updated_at": "2026-07-12 13:43:42"
   }
  },
  {
   "type": "Feature",
   "geometry": {
    "type": "Point",
    "coordinates": [
     -79.87638126825881,
     32.79216138692793
    ]
   },
   "properties": {
    "source": "dhec",
    "project_id": "-3331804015006262783",
    "name": "Shem Creek Boat Landing Parking Lot Extension",
    "description": "BCM - Coastal Zone Consistency — The goal of this project is to design and permit stormwater facilities for expanding the existing paved parking at Shem Creek Marina into two adjacent lots. Site work includes demolishing the existing residence and garage on site, constructing asphalt driveway with brick paver boat trailer parking spaces and accommodating stormwater improvements. Planned grades will be near existing and cut and fill heights will be 2 feet or less.\n\nThe disturbed area for this project is approximately 0.6 acres for Stormwater permit. Runoff from the site will be treated prior to release to the Waters of South Carolina via porous pavers situated within the boat parking spaces. The runoff discharges to the Town of Mount Pleasant’s storm sewer conveyance system before ultimately flowing to Shem Creek. No wetland impacts.",
    "status": "Public Notice - Application",
    "address": "515 Mill Street",
    "application_date": "2025-10-17",
    "collection_date": "2025-10-17",
    "url": "https://epermitting.des.sc.gov/ext/nsite/default/map/results/detail/344151440/detail",
    "updated_at": "2026-07-12 13:43:42"
   }
  },
  {
   "type": "Feature",
   "geometry": {
    "type": "Point",
    "coordinates": [
     -79.8657244469075,
     32.83858683312612
    ]
   },
   "properties": {
    "source": "dhec",
    "project_id": "-3612861822367511499",
    "name": "DESC Hobcaw - Mt Pleasant Line Relocation For SCDOT",
    "description": "BCM - Coastal Zone Consistency — The proposed project the demolition of approximately 8 transmission line poles and the installation of 8 transmission line power poles along Long Point Road within an existing maintained right-of way for improved reliability and life expectancy. This project will adjust the location of the poles in order to comply with a SCDOT Road Widening project. 1.8 acres of land disturbance for Stormwater permit. No wetland impacts.",
    "status": "Public Notice - Application",
    "address": "549 LONG POINT RD",
    "application_date": "2026-01-28",
    "collection_date": "2026-01-29",
    "url": "https://epermitting.des.sc.gov/ext/nsite/default/map/results/detail/352076999/detail",
    "updated_at": "2026-07-12 13:43:42"
   }
  },
  {
   "type": "Feature",
   "geometry": {
    "type": "Point",
    "coordinates": [
     -79.8668474,
     32.82637460000001
    ]
   },
   "properties": {
    "source": "dhec",
    "project_id": "-4144179724893418482",
    "name": "Hobcaw Creek Preservation Trust",
    "description": "BCM - Critical Area — REVISED PRIVATE RECREATIONAL USE",
    "status": "Public Notice - Application",
    "address": "687 Fishermans Bend",
    "application_date": "2025-11-17",
    "collection_date": "2025-11-18",
    "url": "https://epermitting.des.sc.gov/ext/nsite/default/map/results/detail/344220570/detail",
    "updated_at": "2026-07-12 13:43:42"
   }
  },
  {
   "type": "Feature",
   "geometry": {
    "type": "Point",
    "coordinates": [
     -79.76088703518352,
     32.90193579598382
    ]
   },
   "properties": {
    "source": "dhec",
    "project_id": "-4466500218093052601",
    "name": "Commonwealth Road Culvert Improvement Project",
    "description": "BCM - Coastal Zone Consistency — The Project includes the replacement of an existing culvert with an 8x6-ft pre-cast concrete box culvert embedded 1-ft, the majority of which will fit within the existing culvert footprint, and 8 ft aprons. 0.7 acres of land disturbance for Stormwater permit. The Project has 0.052 acre of jurisdictional; tidal wetland impacts.",
    "status": "Public Notice - Application",
    "address": "Commonwealth Drive",
    "application_date": "2026-03-18",
    "collection_date": "2026-03-19",
    "url": "https://epermitting.des.sc.gov/ext/nsite/default/map/results/detail/352257625/detail",
    "updated_at": "2026-07-12 13:43:42"
   }
  },
  {
   "type": "Feature",
   "geometry": {
    "type": "Point",
    "coordinates": [
     -79.823978,
     32.8206385
    ]
   },
   "properties": {
    "source": "dhec",
    "project_id": "-5520074258627484273",
    "name": "1866 Rifle Range Road - Pump Station & Forcemain",
    "description": "BCM - Coastal Zone Consistency — The project is located at 1866 Rifle Range Road in the Town of Mt. Pleasant, is an existing single family residence served by a septic tank and drain field. The septic tank will be decommissioned and will now be served by a new individual grinder station for wastewater service. \nThe MPW has several small diameter force mains within their service area in this location and the new Quillen Pump Station will connect to the manifolded system located at the intersection of Rifle Range Road and Maple Hill Lane. The tie-in point is approximately 300 LF away from the new pump station location at 1866 Rifle Range Road. The forcemain route will be along northern side of Rifle Range Road, approximately 7’ to 8’ off the edge of pavement and along the northern edge of the sidewalk. The MPW will own and operate the discharge forcemain once it leaves the Quillen property. 0.1 acres of land disturbance for Stormwater and Wastewater permits. No wetland impacts.",
    "status": "Public Notice - Application",
    "address": "1866 Rifle Range Road",
    "application_date": "2026-02-26",
    "collection_date": "2026-02-27",
    "url": "https://epermitting.des.sc.gov/ext/nsite/default/map/results/detail/374659777/detail",
    "updated_at": "2026-07-12 13:43:42"
   }
  },
  {
   "type": "Feature",
   "geometry": {
    "type": "Point",
    "coordinates": [
     -79.863651,
     32.828601000000006
    ]
   },
   "properties": {
    "source": "dhec",
    "project_id": "-5889216807813234217",
    "name": "HOBCAW CREEK PLANTATION PROPERTY OWNERS ASSOCIATION INC",
    "description": "BCM - Critical Area — MAJOR",
    "status": "Public Notice - Application",
    "address": "Terminus of Hobcaw Bluff Drive",
    "application_date": "2026-01-27",
    "collection_date": "2026-01-28",
    "url": "https://epermitting.des.sc.gov/ext/nsite/default/map/results/detail/9593441/detail",
    "updated_at": "2026-07-12 13:43:42"
   }
  },
  {
   "type": "Feature",
   "geometry": {
    "type": "Point",
    "coordinates": [
     -79.8181498307579,
     32.884932476692676
    ]
   },
   "properties": {
    "source": "dhec",
    "project_id": "-6054146397708731294",
    "name": "Parker's Island Rd Minor SD",
    "description": "BCM - Coastal Zone Consistency — This project is for the construction of Parkers Island Road Minor Subdivision, consisting of 4 home sites and a private road located within Charleston County. 1.69 acres of land disturbance for Stormwater permit. No wetland impacts. \n\nThe construction activities at this site will be implemented in three Erosion Prevention and Sediment Control Phases. The initial sequence of Phase 1 will include the initial installation of perimeter controls and the construction entrance. Phase 2, which will consist of the bulk of the construction activities, will include grading and pouring of road sections.",
    "status": "Public Notice - Application",
    "address": "2835 PARKERS ISLAND RD",
    "application_date": "2026-02-20",
    "collection_date": "2026-02-21",
    "url": "https://epermitting.des.sc.gov/ext/nsite/default/map/results/detail/373398076/detail",
    "updated_at": "2026-07-12 13:43:42"
   }
  },
  {
   "type": "Feature",
   "geometry": {
    "type": "Point",
    "coordinates": [
     -79.90579947045495,
     32.79032586899658
    ]
   },
   "properties": {
    "source": "dhec",
    "project_id": "-6151418088434018653",
    "name": "PATRIOTS POINT DEVELOPMENT AUTHORITY",
    "description": "BCM - Critical Area — Major",
    "status": "Public Notice - Application",
    "address": "40 Patriots Point Road",
    "application_date": "2026-07-02",
    "collection_date": "2026-07-12",
    "url": "https://epermitting.des.sc.gov/ext/nsite/default/map/results/detail/3697403207106272835/detail",
    "updated_at": "2026-07-12 13:43:42"
   }
  },
  {
   "type": "Feature",
   "geometry": {
    "type": "Point",
    "coordinates": [
     -80.15764219035498,
     33.04928115069892
    ]
   },
   "properties": {
    "source": "dhec",
    "project_id": "-6286550035114768870",
    "name": "Baker Hotel",
    "description": "BCM - Coastal Zone Consistency — The Baker Hotel project is a development within Berkeley County, SC that proposes a 126 key hotel within an approximately 14.83 AC site. This project with provide the necessary drainage systems and water/sewer infrastructure to support the proposed development.\n\nThe total disturbed area for this project is 15.00 acres for Stormwater, Wastewater, and Water permits. No wetland impacts.",
    "status": "Public Notice - Application",
    "address": "302 Wingo Way Ste 301",
    "application_date": "2026-01-31",
    "collection_date": "2026-02-01",
    "url": "https://epermitting.des.sc.gov/ext/nsite/default/map/results/detail/352619884/detail",
    "updated_at": "2026-07-12 13:43:42"
   }
  },
  {
   "type": "Feature",
   "geometry": {
    "type": "Point",
    "coordinates": [
     -79.8624452,
     32.778060999999994
    ]
   },
   "properties": {
    "source": "dhec",
    "project_id": "-6295936457749376732",
    "name": "Frances & Paul Simmons",
    "description": "BCM - Critical Area — EROSION CONTROL",
    "status": "Public Notice - Application",
    "address": "212 WILLIAM ST",
    "application_date": "2025-07-17",
    "collection_date": "2025-07-27",
    "url": "https://epermitting.des.sc.gov/ext/nsite/profile/7923946526849101339?tab=DETAIL",
    "updated_at": "2026-07-12 13:43:42"
   }
  },
  {
   "type": "Feature",
   "geometry": {
    "type": "Point",
    "coordinates": [
     -79.8511967,
     32.8121197
    ]
   },
   "properties": {
    "source": "dhec",
    "project_id": "-6433784364533283098",
    "name": "Bowman Place Final Phases",
    "description": "BCM - Coastal Zone Consistency — 2.46 acres of construction for a modification of a previously permitted project for Stormwater permit. Changes include increase in land disturbance and changes to Stormwater Pond. No wetland impacts.",
    "status": "Public Notice - Application",
    "address": "1360 Old Georgetown Road",
    "application_date": "2025-10-22",
    "collection_date": "2025-10-22",
    "url": "https://epermitting.des.sc.gov/ext/nsite/default/map/results/detail/299206604/detail",
    "updated_at": "2026-07-12 13:43:42"
   }
  },
  {
   "type": "Feature",
   "geometry": {
    "type": "Point",
    "coordinates": [
     -79.85272641642982,
     32.81849223079315
    ]
   },
   "properties": {
    "source": "dhec",
    "project_id": "-6480486579881350683",
    "name": "Von Kolnitz Roadway Improvements",
    "description": "BCM - Coastal Zone Consistency — Charleston County School District intends to replace the existing James B. Edwards Elementary School with a new school building and constructing associated site improvements along Von Kolnitz Road. It has been determined that improvement to Von Kolnitz Road should accompany the school project. The proposed roadway improvements include the addition of a two-way left turn lane and right-turn lane into the school's southern entrance, as well as the addition of a right turn lane at the intersection with Hospital Drive. A portion of a roadside drainage swale will be enclosed, and driveway connections to the adjacent properties will be rebuilt as necessary. Curb & gutter is proposed along the road's west from its intersection with Hospital Drive to the southern school entrance. Sidewalks will provide pedestrian access from the school site to the intersection of Von Kolnitz Road and Hospital Drive. 1.7 acres of land disturbance for Stormwater permit. No wetland impacts.",
    "status": "Public Notice - Application",
    "address": "855 VON KOLNITZ RD",
    "application_date": "2025-12-05",
    "collection_date": "2025-12-06",
    "url": "https://epermitting.des.sc.gov/ext/nsite/default/map/results/detail/352235424/detail",
    "updated_at": "2026-07-12 13:43:42"
   }
  },
  {
   "type": "Feature",
   "geometry": {
    "type": "Point",
    "coordinates": [
     -79.90416772778624,
     32.80882081739819
    ]
   },
   "properties": {
    "source": "dhec",
    "project_id": "-6512061875197419130",
    "name": "Tuzo Living Trust",
    "description": "BCM - Critical Area — AMENDMENT",
    "status": "Public Notice - Application",
    "address": "832 Harbor Watch Court",
    "application_date": "2025-08-19",
    "collection_date": "2025-08-20",
    "url": "https://epermitting.des.sc.gov/ext/nsite/profile/2684285313125229315?tab=DETAIL",
    "updated_at": "2026-07-12 13:43:42"
   }
  },
  {
   "type": "Feature",
   "geometry": {
    "type": "Point",
    "coordinates": [
     -79.7590566,
     32.8854249
    ]
   },
   "properties": {
    "source": "dhec",
    "project_id": "-7111505167826979307",
    "name": "CCSD Athletic Improvements to Wando High School Athletics",
    "description": "BCM - Coastal Zone Consistency — This project will provide a commercial/institutional building addition to Wando High School. The proposed site work consists of new sidewalks, curbs, and storm drain. The total disturbed area is 0.7 and the project acreage is 104.12 for Stormwater permit. There are no on-site wetland impacts. Existing BMPs include 2 exiting drainage basins.",
    "status": "Public Notice - Application",
    "address": "1000 WARRIOR WAY",
    "application_date": "2026-02-28",
    "collection_date": "2026-03-01",
    "url": "https://epermitting.des.sc.gov/ext/nsite/default/map/results/detail/374940329/detail",
    "updated_at": "2026-07-12 13:43:42"
   }
  },
  {
   "type": "Feature",
   "geometry": {
    "type": "Point",
    "coordinates": [
     -79.7800529127835,
     32.87199502145861
    ]
   },
   "properties": {
    "source": "dhec",
    "project_id": "-7283661238433439865",
    "name": "The Church at LifePark - Phase 4",
    "description": "BCM - Coastal Zone Consistency — The Church at LifePark – Phase 4 project is located at the intersection of George Browder Blvd. and All American Blvd. The current Phase 4 includes a 40,000 sf expansion of the existing building to include a worship center, gathering area, demolition of existing parking area, additional required parking and expansion of the on-site stormwater detention pond. The site currently consists of an existing building, parking lot, park and pond. The property area is 15.26 acres, and 16.15 acres are proposed to be disturbed for Stormwater permit. No wetland impacts.",
    "status": "Public Notice - Application",
    "address": "1511 George Browder Blvd",
    "application_date": "2025-11-19",
    "collection_date": "2025-11-20",
    "url": "https://epermitting.des.sc.gov/ext/nsite/default/map/results/detail/350215369/detail",
    "updated_at": "2026-07-12 13:43:42"
   }
  },
  {
   "type": "Feature",
   "geometry": {
    "type": "Point",
    "coordinates": [
     -79.8808925,
     32.806531
    ]
   },
   "properties": {
    "source": "dhec",
    "project_id": "-7388532103078107457",
    "name": "Plaza at East Cooper",
    "description": "BCM - Coastal Zone Consistency — The owner of the subject property proposes to enhance the existing 93,457 S.F. shopping center with facade and site improvements. The site has existing required parking spaces, sidewalks, drive aisles, utility and drainage systems. 0.54 acres of land disturbance for Stormwater permit. No wetland impacts.",
    "status": "Public Notice - Application",
    "address": "625 Johnnie Dodds Blvd",
    "application_date": "2026-03-19",
    "collection_date": "2026-03-20",
    "url": "https://epermitting.des.sc.gov/ext/nsite/default/map/results/detail/375295585/detail",
    "updated_at": "2026-07-12 13:43:42"
   }
  },
  {
   "type": "Feature",
   "geometry": {
    "type": "Point",
    "coordinates": [
     -79.86799881699812,
     32.84773164316554
    ]
   },
   "properties": {
    "source": "dhec",
    "project_id": "-7847674257324688567",
    "name": "Hibben Phase 7",
    "description": "BCM - Coastal Zone Consistency — Hibben at Belle Hall Plantation is a residential housing development located off Belle Hall Parkway in Mount Pleasant, SC. This development of Phase 7 is located off Bridgetown Pass, within the neighborhood. Plantation Partners, LP is proposing to develop Phase 7 into 9 single family lots, one reconfigured detention pond, and associated infrastructure. 3.5 acres of land disturbance for Stormwater , Wastewater, and Water permits. Land is currently wooded with a jurisdictional freshwater wetland and an existing pond that will be reconfigured. \nThe post-development site will be captured in drainage structures and pipes that flow to the reconfigured stormwater pond and maintain the pre-development outfall into adjacent critical area. The reconfigured pond will also add a secondary outfall. Freshwater wetlands on site will be impacted for a minor discharge permit consisting of 0.018 jurisdictional acres of fill.",
    "status": "Public Notice - Application",
    "address": "BRIDGETOWN PASS",
    "application_date": "2026-03-24",
    "collection_date": "2026-03-24",
    "url": "https://epermitting.des.sc.gov/ext/nsite/default/map/results/detail/375329894/detail",
    "updated_at": "2026-07-12 13:43:42"
   }
  },
  {
   "type": "Feature",
   "geometry": {
    "type": "Point",
    "coordinates": [
     -79.76545513938466,
     32.88938407500322
    ]
   },
   "properties": {
    "source": "dhec",
    "project_id": "-8057587657315802076",
    "name": "Kiddie Academy - Mount Pleasant",
    "description": "BCM - Coastal Zone Consistency — RM Development Group is looking to develop an approximately 2.84 acre parcel along Carolina Park Boulevard into a Kiddie Academy, an educational child care center. The proposed project will consist of a 13,500 sf building, a playground, parking lot, and associated stormwater infrastructure and utilities. 3.2 acres of land disturbance for Stormwater, Wastewater, and Water permits. No wetland impacts.",
    "status": "Public Notice - Application",
    "address": "0 Carolina Park Boulevard",
    "application_date": "2025-12-05",
    "collection_date": "2025-12-06",
    "url": "https://epermitting.des.sc.gov/ext/nsite/default/map/results/detail/351415008/detail",
    "updated_at": "2026-07-12 13:43:42"
   }
  },
  {
   "type": "Feature",
   "geometry": {
    "type": "Point",
    "coordinates": [
     -79.826636,
     32.92195100000001
    ]
   },
   "properties": {
    "source": "dhec",
    "project_id": "-8686005209826002029",
    "name": "Wando Drystack Boat Storage-Atlantis Marine",
    "description": "BCM - Critical Area — MAJOR",
    "status": "Public Notice - Application",
    "address": "2386 Highway 41",
    "application_date": "2026-02-25",
    "collection_date": "2026-02-26",
    "url": "https://epermitting.des.sc.gov/ext/nsite/default/map/results/detail/23237943/detail",
    "updated_at": "2026-07-12 13:43:42"
   }
  },
  {
   "type": "Feature",
   "geometry": {
    "type": "Point",
    "coordinates": [
     -79.87289183325213,
     32.78391316329769
    ]
   },
   "properties": {
    "source": "dhec",
    "project_id": "-89836120170485944",
    "name": "Ferry Street Inlet Conversion",
    "description": "BCM - Coastal Zone Consistency — The Town of Mount Pleasant intends to address an ongoing maintenance issue with an existing grate inlet located at the corner of Ferry Street and Pitt Street within the Old Village area of Mount Pleasant. The inlet is a part of an existing drainage system that drains to the Edwards Park Pump Station. \nThe proposed drainage improvements consist of replacing/converting an existing grate inlet to an SCDOT Type 17 curb inlet. This will address a reoccurring maintenance issue related to frequent clogging of the existing grate inlet. The adjacent sidewalk will be extended around the curve and a perpendicular crosswalk added across Pitt Street as an added safety component. The proposed land disturbance is 0.1 acres and is limited to the SCDOT right-of-way and a small portion of the adjacent Town owned property of Edwards Park for Stormwater permit. No land use, drainage patterns, or system capacity will be affected by this project. No wetland impacts.",
    "status": "Public Notice - Application",
    "address": "400 PITT ST",
    "application_date": "2026-01-01",
    "collection_date": "2026-01-02",
    "url": "https://epermitting.des.sc.gov/ext/nsite/default/map/results/detail/373379752/detail",
    "updated_at": "2026-07-12 13:43:42"
   }
  },
  {
   "type": "Feature",
   "geometry": {
    "type": "Point",
    "coordinates": [
     -79.79833,
     32.85838999999999
    ]
   },
   "properties": {
    "source": "dhec",
    "project_id": "-9065729569792977869",
    "name": "19346 - FORMER FUELS BULK PLANT",
    "description": "LWM - UST - Remediation — CAP-ACA",
    "status": "Public Notice - ACA",
    "address": "1131 HWY 41",
    "application_date": "2025-12-01",
    "collection_date": "2025-12-02",
    "url": "https://epermitting.des.sc.gov/ext/nsite/default/map/results/detail/337400092/detail",
    "updated_at": "2026-07-12 13:43:42"
   }
  },
  {
   "type": "Feature",
   "geometry": {
    "type": "Point",
    "coordinates": [
     -79.81014600236838,
     32.88184131644457
    ]
   },
   "properties": {
    "source": "dhec",
    "project_id": "-9181060909470360097",
    "name": "SC Route 41 Roadway Improvements",
    "description": "Water - Stormwater — Notice of Public Informational Session and Public Hearing scheduled for July 22, 2026, related to application for coverage under the NPDES Construction Stormwater General Permit for the proposed SC Route 41 Roadway Improvements. The project is mostly in Charleston County with minor improvements extending into Berkeley County. Detailed information about the scheduled hearing and application is included in the documents attached to this notice.",
    "status": "Public Hearing",
    "address": "S.C. Rte. 41",
    "application_date": "2026-06-18",
    "collection_date": "2026-07-12",
    "url": "https://epermitting.des.sc.gov/ext/nsite/default/map/results/detail/253656160916867487/detail",
    "updated_at": "2026-07-12 13:43:42"
   }
  },
  {
   "type": "Feature",
   "geometry": {
    "type": "Point",
    "coordinates": [
     -79.81562752775154,
     32.820592470231354
    ]
   },
   "properties": {
    "source": "dhec",
    "project_id": "-9200549189614145166",
    "name": "Construction Resources - Mount Pleasant",
    "description": "BCM - Coastal Zone Consistency — The post development conditions will consist of a new concrete path on the southwestern side of the building and new concrete pad in the front of the building. 0.46 acres of land disturbance for Stormwater permit. No wetland impacts.",
    "status": "Public Notice - Application",
    "address": "1981 RIVIERA DR",
    "application_date": "2025-11-22",
    "collection_date": "2025-11-23",
    "url": "https://epermitting.des.sc.gov/ext/nsite/default/map/results/detail/351684474/detail",
    "updated_at": "2026-07-12 13:43:42"
   }
  },
  {
   "type": "Feature",
   "geometry": {
    "type": "Point",
    "coordinates": [
     -79.82815389999999,
     32.8151575
    ]
   },
   "properties": {
    "source": "dhec",
    "project_id": "106959236234313424",
    "name": "1751 Rifle Range (Nantuk Lane)",
    "description": "BCM - Coastal Zone Consistency — The proposed development subdivides 1751 Rifle Range Road, a 1.45-acre site with an existing single-family structure into 3 residential lots. The existing single family structure fronts Rifle Range with one driveway. The existing house is to be removed. The proposed lots will font and be accessed from Nantuk Lane.\n\nThe proposed subdivision results in 3 single-family parcels, resulting in 0.51 acres of impervious coverage (+0.49 acres). Minor side yard swales will be installed to capture the increased stormwater runoff and mimic existing drainage patterns. The lots will be split graded, front yard draining towards the street and the rear yard towards the 15’ drainage easement that encompasses the rear of the property. Overall, the increased impervious area and runoff will be mitigated by the proposed swale system and therefore not impact the existing infrastructure. 0.94 acres of land disturbance for Stormwater permit. No wetland impacts.",
    "status": "Public Notice - Application",
    "address": "1751 Rifle Range Road",
    "application_date": "2026-01-16",
    "collection_date": "2026-01-17",
    "url": "https://epermitting.des.sc.gov/ext/nsite/default/map/results/detail/373314363/detail",
    "updated_at": "2026-07-12 13:43:42"
   }
  },
  {
   "type": "Feature",
   "geometry": {
    "type": "Point",
    "coordinates": [
     -79.8468305,
     32.83317319999999
    ]
   },
   "properties": {
    "source": "dhec",
    "project_id": "1309358465131822309",
    "name": "Whipple Road Tennis",
    "description": "BCM - Coastal Zone Consistency — he current site consists of 12 lighted hard tennis courts, four lighted clay courts, parking lot, clubhouse, a maintenance building and lighted baseball field. The proposed development will consist of 4 new lighted hard tennis courts and 2 new lighted clay tennis courts, which will take the place of the baseball field, restrooms, additional parking, a dry pond and additional stormwater infrastructure.\n\nThe scope of site work related to this project involves the following:\na)Clearing and grubbing of the existing vegetation within the limits of disturbance\nb)Grading and earthwork to establish the proper grading of the site, construction of the dry pond and associated infrastructure.\nc)Connection to existing water for construction of water extension and service\nd)Construction of onsite driveway, parking lot, and other amenities.\n\nThe total land disturbance for this project will be 3.60 acres for Stormwater and Water permits. No wetland impacts. \n\nThe new developed site will transport runoff, via new storm sewer system, to an existing storm sewer system or to the new dry pond.",
    "status": "Public Notice - Application",
    "address": "889 WHIPPLE RD",
    "application_date": "2025-12-12",
    "collection_date": "2025-12-13",
    "url": "https://epermitting.des.sc.gov/ext/nsite/default/map/results/detail/352395185/detail",
    "updated_at": "2026-07-12 13:43:42"
   }
  },
  {
   "type": "Feature",
   "geometry": {
    "type": "Point",
    "coordinates": [
     -79.8493833,
     32.8070762
    ]
   },
   "properties": {
    "source": "dhec",
    "project_id": "2078707585310567371",
    "name": "Community Pet Wellness",
    "description": "BCM - Coastal Zone Consistency — Developer proposes to construct 1 single story, 3,500 Sq.Ft. commercial building. The site will have supporting parking, hardscape, drainage and utility infrastructure. 0.5 acres of land disturbance for Stormwater permit. No wetland impacts.",
    "status": "Public Notice - Application",
    "address": "1350 Bowman Road",
    "application_date": "2026-01-30",
    "collection_date": "2026-01-31",
    "url": "https://epermitting.des.sc.gov/ext/nsite/default/map/results/detail/373885637/detail",
    "updated_at": "2026-07-12 13:43:42"
   }
  },
  {
   "type": "Feature",
   "geometry": {
    "type": "Point",
    "coordinates": [
     -79.763249,
     32.88007760000001
    ]
   },
   "properties": {
    "source": "dhec",
    "project_id": "2182702068888217682",
    "name": "BMC Mercedes-Benz at Carolina Park - Phase 1",
    "description": "BCM - Coastal Zone Consistency — The Baker Motor Company is proposing to construct a new commercial development on the site. A geotechnical investigation of the site revealed that a pre-load must be applied to the site to compact existing compressible soils to provide a stable foundation for the future commercial building, parking lots, and other improvements. No roads, buildings, or stormwater ponds were proposed for this phase of development. The site area is 8.261 acres. The disturbed area is 6.7 acres for Stormwater, Wastewater, and Water permits. There are no wetlands on the site and no wetland impacts for this project.\n\nThe modification to the plan includes the addition of a sediment basin within the permitted disturbed area to intercept stormwater runoff before it leaves the site.",
    "status": "Public Notice - Application",
    "address": "3570 N Highway 17",
    "application_date": "2026-02-24",
    "collection_date": "2026-02-25",
    "url": "https://epermitting.des.sc.gov/ext/nsite/default/map/results/detail/351040559/detail",
    "updated_at": "2026-07-12 13:43:42"
   }
  },
  {
   "type": "Feature",
   "geometry": {
    "type": "Point",
    "coordinates": [
     -79.84846839874291,
     32.82300357440285
    ]
   },
   "properties": {
    "source": "dhec",
    "project_id": "2241520405264973304",
    "name": "LTP Tennis Academy - Indoor Court",
    "description": "BCM - Coastal Zone Consistency — This project is located at the existing LTP facility. The property totals to 9.53 acres and is identified, currently consisting of 16 outdoor tennis courts, a covered swimming pool, a parking lot, as well as various buildings and sheds. This project will occur on a portion of this property that includes a concrete slab, sidewalks, and landscaping. The developer for this project is Charleston Tennis, LLC.\n\nThe limits of disturbance for this project is 0.7 acres and proposes a new 7,200 SF structure that will be used as an indoor tennis court, as well as updated sidewalk routing to connect to the new building for Stormwater permit. Site clearing, grading, new stormwater pipes and structures, site layout, and utilities are included with this project. There will be no wetland fill activities included with this project.",
    "status": "Public Notice - Application",
    "address": "1513 MATHIS FERRY RD",
    "application_date": "2025-11-22",
    "collection_date": "2025-11-23",
    "url": "https://epermitting.des.sc.gov/ext/nsite/default/map/results/detail/352289727/detail",
    "updated_at": "2026-07-12 13:43:42"
   }
  },
  {
   "type": "Feature",
   "geometry": {
    "type": "Point",
    "coordinates": [
     -79.763249,
     32.88007760000001
    ]
   },
   "properties": {
    "source": "dhec",
    "project_id": "2329141372938022758",
    "name": "BMC Mercedes-Benz at Carolina Park - Phase 1",
    "description": "BCM - Coastal Zone Consistency — The Baker Motor Company is proposing to construct a new commercial development on the site. A geotechnical investigation of the site revealed that a surcharge load must be applied to the site to compact existing compressible soils to provide a stable foundation for the future commercial building, parking lots, and other improvements. No roads, buildings, or stormwater ponds were proposed for this phase of development. The site area is 8.261 acres. The disturbed area is 6.7 acres for Stormwater permit. There are no wetlands on the site and no wetland impacts for this project.",
    "status": "Public Notice - Application",
    "address": "3570 N Highway 17",
    "application_date": "2025-10-17",
    "collection_date": "2025-10-17",
    "url": "https://epermitting.des.sc.gov/ext/nsite/default/map/results/detail/351040559/detail",
    "updated_at": "2026-07-12 13:43:42"
   }
  },
  {
   "type": "Feature",
   "geometry": {
    "type": "Point",
    "coordinates": [
     -79.89525749376334,
     32.80177877334404
    ]
   },
   "properties": {
    "source": "dhec",
    "project_id": "3360508179619445723",
    "name": "Drury Plaza Hotel 261 Johnnie Dodds Blvd",
    "description": "BCM - Coastal Zone Consistency — The purpose of the project is to develop a Drury Plaza Hotel. Project scope includes a 170-room hotel with a pool and patio area, parking lot, stormwater infrastructure including underground detention, and associated utilities. The site is currently a 130-room Days Inn hotel. The total property area is 2.69 acres, and 3.2 acres are proposed to be disturbed for Stormwater and Water permits. No wetlands are located on the properties.",
    "status": "Public Notice - Application",
    "address": "261 Johnnie Dodds Boulevard",
    "application_date": "2025-07-26",
    "collection_date": "2025-07-27",
    "url": "https://epermitting.des.sc.gov/ext/nsite/profile/-8358098283906839973?tab=DETAIL",
    "updated_at": "2026-07-12 13:43:42"
   }
  },
  {
   "type": "Feature",
   "geometry": {
    "type": "Point",
    "coordinates": [
     -79.8088343,
     32.8832063
    ]
   },
   "properties": {
    "source": "dhec",
    "project_id": "3640514484659033754",
    "name": "PY25 Operation Home - Part 2",
    "description": "BCM - Coastal Zone Consistency — Federal funding assistance in Charleton County for the rehabilitation of the homes listed within this package is to bring them up to code. The scopes of work for these types of projects include the following: Acquisition of property,Roof repair/replacement, HVAC repair/replacement, Electrical repair/replacement, Plumbing repair/replacement, Repair of any areas that may have water intrusion including windows, walls, doors, floors, roofs, and around plumbing fixtures, and safety repairs. No wetland impacts.",
    "status": "Public Notice - Application",
    "address": "2928 BOBO RD",
    "application_date": "2025-11-11",
    "collection_date": "2025-11-12",
    "url": "https://epermitting.des.sc.gov/ext/nsite/default/map/results/detail/352116137/detail",
    "updated_at": "2026-07-12 13:43:42"
   }
  },
  {
   "type": "Feature",
   "geometry": {
    "type": "Point",
    "coordinates": [
     -79.8327156,
     32.8298467
    ]
   },
   "properties": {
    "source": "dhec",
    "project_id": "4685123940363079619",
    "name": "Mount Pleasant Towne Center Huntington Bank",
    "description": "BCM - Coastal Zone Consistency — 0.45 acres of construction and infrastructure of the conversion of a closed restaurant to a bank with associated parking and landscaping for Stormwater permit. No wetland impacts.",
    "status": "Public Notice - Application",
    "address": "1835 N HIGHWAY 17",
    "application_date": "2025-08-12",
    "collection_date": "2025-08-20",
    "url": "https://epermitting.des.sc.gov/ext/nsite/profile/7154120162887684957?tab=DETAIL",
    "updated_at": "2026-07-12 13:43:42"
   }
  },
  {
   "type": "Feature",
   "geometry": {
    "type": "Point",
    "coordinates": [
     -79.83607369667412,
     32.81819808523891
    ]
   },
   "properties": {
    "source": "dhec",
    "project_id": "5202148958401523847",
    "name": "Venning Road Outdoor Storage",
    "description": "BCM - Coastal Zone Consistency — Resolute Ventures, LLC proposes the development of an existing cell tower site located at 1209 Venning Road in Mount Pleasant, South Carolina. The site, which totals 11.16 acres, contains three cell towers, each of which is stabilized by several guy wires. The towers are to remain in place, and an outdoor boat and RV storage area is proposed. The site will also be subdivided into separate the radio tower use and the parking lot. The site will include areas of permeable parking spaces, a washing station, and a stormwater pond which will manage runoff from the addition of impervious surfaces. 7 acres of land disturbance for Stormwater permit. 0.39 acres of jurisdictional wetland impacts.",
    "status": "Public Notice - Application",
    "address": "1209 Venning Rd",
    "application_date": "2025-11-08",
    "collection_date": "2025-11-09",
    "url": "https://epermitting.des.sc.gov/ext/nsite/default/map/results/detail/350718388/detail",
    "updated_at": "2026-07-12 13:43:42"
   }
  },
  {
   "type": "Feature",
   "geometry": {
    "type": "Point",
    "coordinates": [
     -79.7842379,
     32.8385132
    ]
   },
   "properties": {
    "source": "dhec",
    "project_id": "5489936175066211957",
    "name": "Mercury Road Paving",
    "description": "BCM - Coastal Zone Consistency — Paving of an existing County dirt road (approx 665 LF) with asphalt in Mt. Pleasant, SC (not in town limits) this is uncorportated Charleston County. There will be improvements to the existing drainage on the road. However, the existing drainage pipe at the outfall on Hamlin Road will remain and be cleaned out during project construction. 0.67 acres of land disturbance for Stormwater permit. No wetland impacts.",
    "status": "Public Notice - Application",
    "address": "Mercury Road, intersects Hamlin Road",
    "application_date": "2026-03-18",
    "collection_date": "2026-03-19",
    "url": "https://epermitting.des.sc.gov/ext/nsite/default/map/results/detail/375664786/detail",
    "updated_at": "2026-07-12 13:43:42"
   }
  },
  {
   "type": "Feature",
   "geometry": {
    "type": "Point",
    "coordinates": [
     -79.8742327,
     32.792460399999996
    ]
   },
   "properties": {
    "source": "dhec",
    "project_id": "5736368824672011088",
    "name": "Moultrie Plaza Outbuildings",
    "description": "BCM - Coastal Zone Consistency — This site is being developed into two outbuildings as an addition to the existing Moultrie Plaza center. Development included utilities and improvements to the parking lot. The site is along Coleman Blvd in Mt Pleasant. The total disturbed area is 1.5 acres for Stormwater permit. No wetland impacts.",
    "status": "Public Notice - Application",
    "address": "630 Coleman Blvd",
    "application_date": "2026-02-21",
    "collection_date": "2026-02-22",
    "url": "https://epermitting.des.sc.gov/ext/nsite/default/map/results/detail/352196889/detail",
    "updated_at": "2026-07-12 13:43:42"
   }
  },
  {
   "type": "Feature",
   "geometry": {
    "type": "Point",
    "coordinates": [
     -79.808861,
     32.869529
    ]
   },
   "properties": {
    "source": "dhec",
    "project_id": "5856367760034907385",
    "name": "Andrew & Jennifer Germuth",
    "description": "BCM - Critical Area — Renoticed for newspaper ad",
    "status": "Public Notice - Application",
    "address": "1425 S JETTIES CT",
    "application_date": "2026-04-06",
    "collection_date": "2026-04-07",
    "url": "https://epermitting.des.sc.gov/ext/nsite/default/map/results/detail/9412820/detail",
    "updated_at": "2026-07-12 13:43:42"
   }
  },
  {
   "type": "Feature",
   "geometry": {
    "type": "Point",
    "coordinates": [
     -79.85167550926208,
     32.813315593822736
    ]
   },
   "properties": {
    "source": "dhec",
    "project_id": "652155567866758726",
    "name": "Bowman Outparcel 4",
    "description": "BCM - Coastal Zone Consistency — The Bowman Outparcel 4 project proposes the construction of a new 4.500 commercial mixed-use building. Along with the building the site will have surrounding patio areas, parking, landscape and proper stormwater management. We will be using the existing stormwater management system that is located onsite that includes water quantity as well as quality. The parking will be shared with the neighboring shopping center. 0.73 acres for Stormwater permit. No wetland impacts.",
    "status": "Public Notice - Application",
    "address": "1106 Bowman Rd",
    "application_date": "2025-07-23",
    "collection_date": "2025-07-27",
    "url": "https://epermitting.des.sc.gov/ext/nsite/profile/440956836918682170?tab=DETAIL",
    "updated_at": "2026-07-12 13:43:42"
   }
  },
  {
   "type": "Feature",
   "geometry": {
    "type": "Point",
    "coordinates": [
     -79.7735465,
     32.79420390000001
    ]
   },
   "properties": {
    "source": "dhec",
    "project_id": "7152172449708719580",
    "name": "2906 Hartnett Boulevard Sewer Extension",
    "description": "BCM - Coastal Zone Consistency — 0.1 acres of installation of one individual grinder pump and approximately 15 LF 2\" HDPE force main for connection to existing 2\" force main on Hartnett Boulevard for Stormwater and Wastewater permits. No wetland impacts.",
    "status": "Public Notice - Application",
    "address": "2906 Hartnett Boulevard",
    "application_date": "2025-12-19",
    "collection_date": "2025-12-21",
    "url": "https://epermitting.des.sc.gov/ext/nsite/default/map/results/detail/353219316/detail",
    "updated_at": "2026-07-12 13:43:42"
   }
  },
  {
   "type": "Feature",
   "geometry": {
    "type": "Point",
    "coordinates": [
     -79.8561,
     32.7937
    ]
   },
   "properties": {
    "source": "dhec",
    "project_id": "7479944760094079629",
    "name": "12126 - CIRCLE K 2720840",
    "description": "LWM - UST - Remediation — ICAP-MNA",
    "status": "Public Notice - MNA",
    "address": "1402 BEN SAWYER BLVD",
    "application_date": "2026-03-16",
    "collection_date": "2026-03-16",
    "url": "https://epermitting.des.sc.gov/ext/nsite/default/map/results/detail/337412087/detail",
    "updated_at": "2026-07-12 13:43:42"
   }
  },
  {
   "type": "Feature",
   "geometry": {
    "type": "Point",
    "coordinates": [
     -79.8905499,
     32.8056348
    ]
   },
   "properties": {
    "source": "dhec",
    "project_id": "7653715951059202312",
    "name": "Mount Pleasant Health Pavilion",
    "description": "BCM - Coastal Zone Consistency — This project is located on a 4.56-acre parcel. The main building has been demolished since and as it exists currently, it is developed with features such as asphalt pavement, and a metal building.\n\nThis project is a proposed medical office building which will involve work within the right of ways along Johnnie Dodds Blvd and Mathis Ferry Road and will include amenities such as parking and ambulance bays.\n\nThe scope of site work related to this project involves the following installation of storm drainage infrastructure (underground chamber detention system, catch basins, curb inlets, piping, etc.) And connection to the existing storm drainage system along Johnnie Dodds Blvd, connection to the existing water supply system, and connection to the existing sanitary sewer system.\n5 acres of land disturbance for Stormwater, Wastewater, and Water permits. No wetland impacts.",
    "status": "Public Notice - Application",
    "address": "512 JOHNNIE DODDS BLVD",
    "application_date": "2025-11-06",
    "collection_date": "2025-11-07",
    "url": "https://epermitting.des.sc.gov/ext/nsite/default/map/results/detail/351916225/detail",
    "updated_at": "2026-07-12 13:43:42"
   }
  },
  {
   "type": "Feature",
   "geometry": {
    "type": "Point",
    "coordinates": [
     -79.86365607585016,
     32.83893432340389
    ]
   },
   "properties": {
    "source": "dhec",
    "project_id": "7734056599959026548",
    "name": "Long Point / I-526 project",
    "description": "BCM - Coastal Zone Consistency — This project involves improvements along Long Point Road by adding a sidewalk and \ngrassed medians for a total disturbed area of 0.22 acres for Stormwater permit. The location is between the I-526 East Off Ramp and Wando Park Boulevard. No wetland impacts.",
    "status": "Public Notice - Application",
    "address": "Long Point Road and I-526 East Off Ramp",
    "application_date": "2025-09-26",
    "collection_date": "2025-10-04",
    "url": "https://epermitting.des.sc.gov/ext/nsite/default/map/results/detail/346865538/detail",
    "updated_at": "2026-07-12 13:43:42"
   }
  },
  {
   "type": "Feature",
   "geometry": {
    "type": "Point",
    "coordinates": [
     -79.763974,
     32.87843699999999
    ]
   },
   "properties": {
    "source": "dhec",
    "project_id": "806965511925868751",
    "name": "Deep Well No. 6 Replacement Project",
    "description": "BCM - Coastal Zone Consistency — The existing deep well at Mount Pleasant Waterwork’s (MPW) Reverse Osmosis Water Treatment Plant Number 4 (RO 4) located at 3501 N Highway 17 is nearing its useful life and there is insufficient room on the existing site for another well. A new deep well will be drilled on this site and the raw water piped across Old Course Lane to the RO 4 plant for treatment and distribution. The project involves clearing 2.2 acres of the total 4.375 acre site, installation of a gravel driveway and parking area, drilling a test well and a production well, installation of a dry stormwater detention pond and outfall, fencing, and utilities needed to support well drilling operations for Stormwater and Water permits. The detention pond will be utilized to store and provide water quality treatment for the groundwater produced from the test well and production well during testing and start up. There are no wetlands or Waters of the State on the property, and no impacts.",
    "status": "Public Notice - Application",
    "address": "Old Course Lane and Highway 17",
    "application_date": "2025-10-23",
    "collection_date": "2025-10-23",
    "url": "https://epermitting.des.sc.gov/ext/nsite/default/map/results/detail/351158757/detail",
    "updated_at": "2026-07-12 13:43:42"
   }
  },
  {
   "type": "Feature",
   "geometry": {
    "type": "Point",
    "coordinates": [
     -79.87790387029497,
     32.79243411242324
    ]
   },
   "properties": {
    "source": "dhec",
    "project_id": "8579249978347169927",
    "name": "Shem Creek Boutique Hotel",
    "description": "BCM - Coastal Zone Consistency — Developer proposes to construct a three-story hotel with associated hardscape, parking, stormwater and utility service infrastructure on four parcels totaling 0.59-acres. The total disturbed area is 0.90-acres for Stormwater permit. Stormwater infrastructure will include an underground detention system. There are no on-site wetlands or wetland impacts.",
    "status": "Public Notice - Application",
    "address": "Mill Street",
    "application_date": "2025-10-28",
    "collection_date": "2025-10-28",
    "url": "https://epermitting.des.sc.gov/ext/nsite/default/map/results/detail/351492715/detail",
    "updated_at": "2026-07-12 13:43:42"
   }
  },
  {
   "type": "Feature",
   "geometry": {
    "type": "Point",
    "coordinates": [
     -79.86751045268741,
     32.78060278028987
    ]
   },
   "properties": {
    "source": "planning_council",
    "project_id": "173",
    "name": "707 Royall Avenue",
    "description": "Old Village Historic District - Final Review for the construction of a garage, pool house, pool, and alterations to the primary structure.",
    "status": "Archived",
    "address": "707 Royall Avenue",
    "application_date": "2026-01-13",
    "collection_date": "2026-01-13",
    "url": "https://www.tompsc.com/AgendaCenter/ViewFile/Agenda/_01122026-2085",
    "updated_at": "2026-07-12 13:28:36"
   }
  },
  {
   "type": "Feature",
   "geometry": {
    "type": "Point",
    "coordinates": [
     -79.88949360527354,
     32.79694947109705
    ]
   },
   "properties": {
    "source": "planning_council",
    "project_id": "181",
    "name": "Queens Court Revisions",
    "description": "Design Review Board - Final Review of Architecture",
    "status": "Archived",
    "address": "Queens Court",
    "application_date": "2025-07-27",
    "collection_date": "2025-07-27",
    "url": "https://www.tompsc.com/AgendaCenter/ViewFile/Agenda/_04302025-1920",
    "updated_at": "2026-07-12 13:28:36"
   }
  },
  {
   "type": "Feature",
   "geometry": {
    "type": "Point",
    "coordinates": [
     -79.830562557639,
     32.82547743472327
    ]
   },
   "properties": {
    "source": "planning_council",
    "project_id": "184",
    "name": "V-07-25",
    "description": "Board of Zoning Appeals - Request for relief from §156.225(C) to allow the removal of a 41.5’’ Historic Live Oak.",
    "status": "Archived",
    "address": "1248 Waterfront Drive",
    "application_date": "2025-07-27",
    "collection_date": "2025-07-27",
    "url": "https://www.tompsc.com/AgendaCenter/ViewFile/Agenda/_03312025-1893",
    "updated_at": "2026-07-12 13:28:36"
   }
  },
  {
   "type": "Feature",
   "geometry": {
    "type": "Point",
    "coordinates": [
     -79.86487679551767,
     32.78740043376588
    ]
   },
   "properties": {
    "source": "planning_council",
    "project_id": "185",
    "name": "V-09-25",
    "description": "Board of Zoning Appeals - Request for relief from §156.225(C) to allow the removal of two Historic Cedar Trees.",
    "status": "Archived",
    "address": "675 Adluh Street",
    "application_date": "2025-07-27",
    "collection_date": "2025-07-27",
    "url": "https://www.tompsc.com/AgendaCenter/ViewFile/Agenda/_04282025-1919",
    "updated_at": "2026-07-12 13:28:36"
   }
  },
  {
   "type": "Feature",
   "geometry": {
    "type": "Point",
    "coordinates": [
     -79.87137446741747,
     32.78289378159741
    ]
   },
   "properties": {
    "source": "planning_council",
    "project_id": "188",
    "name": "100 Friend Street",
    "description": "Old Village Historic District - Final Review for the construction of a wrought iron and brick fence and driveway gate.",
    "status": "Archived",
    "address": "100 Friend Street",
    "application_date": "2026-01-13",
    "collection_date": "2026-01-13",
    "url": "https://www.tompsc.com/AgendaCenter/ViewFile/Agenda/_01122026-2085",
    "updated_at": "2026-07-12 13:28:36"
   }
  },
  {
   "type": "Feature",
   "geometry": {
    "type": "Point",
    "coordinates": [
     -79.86925015888018,
     32.78109539329967
    ]
   },
   "properties": {
    "source": "planning_council",
    "project_id": "189",
    "name": "734 Pitt Street",
    "description": "Old Village Historic District - Final Review for the replacement of the existing roof and front door",
    "status": "Archived",
    "address": "734 Pitt Street",
    "application_date": "2026-01-13",
    "collection_date": "2026-01-13",
    "url": "https://www.tompsc.com/AgendaCenter/ViewFile/Agenda/_10132025-2026",
    "updated_at": "2026-07-12 13:28:36"
   }
  },
  {
   "type": "Feature",
   "geometry": {
    "type": "Point",
    "coordinates": [
     -79.86793587602607,
     32.78041549132663
    ]
   },
   "properties": {
    "source": "planning_council",
    "project_id": "190",
    "name": "305 McCormick St",
    "description": "Old Village Historic District - Final Review for the construction of a new addition to the primary structure and installation of a new driveway.",
    "status": "Archived",
    "address": "305 McCormick St",
    "application_date": "2026-01-13",
    "collection_date": "2026-01-13",
    "url": "https://www.tompsc.com/AgendaCenter/ViewFile/Agenda/_01122026-2085",
    "updated_at": "2026-07-12 13:28:36"
   }
  },
  {
   "type": "Feature",
   "geometry": {
    "type": "Point",
    "coordinates": [
     -79.85381781696202,
     32.818453141543365
    ]
   },
   "properties": {
    "source": "planning_council",
    "project_id": "198",
    "name": "James B Edwards Elementary School",
    "description": "Design Review Board - Final Review of Site Landscape and Architecture",
    "status": "Archived",
    "address": "855 Von Kolnitz",
    "application_date": "2025-07-27",
    "collection_date": "2025-07-27",
    "url": "https://www.tompsc.com/AgendaCenter/ViewFile/Agenda/_04302025-1920",
    "updated_at": "2026-07-12 13:28:36"
   }
  },
  {
   "type": "Feature",
   "geometry": {
    "type": "Point",
    "coordinates": [
     -79.8923696113086,
     32.81392330345536
    ]
   },
   "properties": {
    "source": "planning_council",
    "project_id": "200",
    "name": "V-10-25",
    "description": "Board of Zoning Appeals - Request for relief from §156.303(Table) to allow a 3.1-foot  encroachment into the front setback.",
    "status": "Archived",
    "address": "562 Flambeau Retreat",
    "application_date": "2025-07-27",
    "collection_date": "2025-07-27",
    "url": "https://www.tompsc.com/AgendaCenter/ViewFile/Agenda/_04282025-1919",
    "updated_at": "2026-07-12 13:28:36"
   }
  },
  {
   "type": "Feature",
   "geometry": {
    "type": "Point",
    "coordinates": [
     -79.75336511183947,
     32.87527695991135
    ]
   },
   "properties": {
    "source": "planning_council",
    "project_id": "205",
    "name": "R-08-25",
    "description": "Planning Commission - Request to annex and zone R3",
    "status": "Archived",
    "address": "3638 Zacoma Drive",
    "application_date": "2025-07-27",
    "collection_date": "2025-07-27",
    "url": "https://www.tompsc.com/AgendaCenter/ViewFile/Agenda/_04232025-1914",
    "updated_at": "2026-07-12 13:28:36"
   }
  },
  {
   "type": "Feature",
   "geometry": {
    "type": "Point",
    "coordinates": [
     -79.8604764463408,
     32.84100731365673
    ]
   },
   "properties": {
    "source": "planning_council",
    "project_id": "207",
    "name": "R-11-25",
    "description": "Planning Commission - Amendment to Belle Hall PD to incorporate parcel allowing for 55-unit Garage Condominium.",
    "status": "Archived",
    "address": "Belle Hall PD",
    "application_date": "2025-07-27",
    "collection_date": "2025-07-27",
    "url": "https://www.tompsc.com/AgendaCenter/ViewFile/Agenda/_04232025-1914",
    "updated_at": "2026-07-12 13:28:36"
   }
  },
  {
   "type": "Feature",
   "geometry": {
    "type": "Point",
    "coordinates": [
     -79.86995282463542,
     32.786891365974476
    ]
   },
   "properties": {
    "source": "planning_council",
    "project_id": "210",
    "name": "V-15-25",
    "description": "Board of Zoning Appeals - Request for an extension of the vested rights period in accordance with  §156.049.",
    "status": "Archived",
    "address": "805 / 807 Simmons Street",
    "application_date": "2025-07-27",
    "collection_date": "2025-07-27",
    "url": "https://www.tompsc.com/AgendaCenter/ViewFile/Agenda/_04282025-1919",
    "updated_at": "2026-07-12 13:28:36"
   }
  },
  {
   "type": "Feature",
   "geometry": {
    "type": "Point",
    "coordinates": [
     -79.84899882992545,
     32.80671800547522
    ]
   },
   "properties": {
    "source": "planning_council",
    "project_id": "212",
    "name": "R-10-25",
    "description": "Planning Commission - Amendment to Watermark PD to incorporate property on Bowman Road. Proposed allowance for Areawide Business Uses, including Outdoor Storage.",
    "status": "Archived",
    "address": "Watermark PD",
    "application_date": "2025-07-27",
    "collection_date": "2025-07-27",
    "url": "https://www.tompsc.com/AgendaCenter/ViewFile/Agenda/_04232025-1914",
    "updated_at": "2026-07-12 13:28:36"
   }
  },
  {
   "type": "Feature",
   "geometry": {
    "type": "Point",
    "coordinates": [
     -79.78564237141366,
     32.84732183000768
    ]
   },
   "properties": {
    "source": "planning_council",
    "project_id": "213",
    "name": "R-09-25",
    "description": "Planning Commission - Request to Annex and Zone CC.",
    "status": "Archived",
    "address": "Boston Grill Road",
    "application_date": "2025-07-27",
    "collection_date": "2025-07-27",
    "url": "https://www.tompsc.com/AgendaCenter/ViewFile/Agenda/_04232025-1914",
    "updated_at": "2026-07-12 13:28:36"
   }
  },
  {
   "type": "Feature",
   "geometry": {
    "type": "Point",
    "coordinates": [
     -79.84814648107768,
     32.81553236443423
    ]
   },
   "properties": {
    "source": "planning_council",
    "project_id": "215",
    "name": "Ira Road Revisions",
    "description": "Design Review Board - Final Review of Architecture",
    "status": "Archived",
    "address": "1434 Ira Road",
    "application_date": "2025-07-27",
    "collection_date": "2025-07-27",
    "url": "https://www.tompsc.com/AgendaCenter/ViewFile/Agenda/_04302025-1920",
    "updated_at": "2026-07-12 13:28:36"
   }
  },
  {
   "type": "Feature",
   "geometry": {
    "type": "Point",
    "coordinates": [
     -79.80621346463892,
     32.87846218724403
    ]
   },
   "properties": {
    "source": "planning_council",
    "project_id": "216",
    "name": "Joe Rouse Extension",
    "description": "Design Review Board - Final Review of Extension",
    "status": "Archived",
    "address": "1521 and 1535 Joe Rouse Road",
    "application_date": "2025-07-27",
    "collection_date": "2025-07-27",
    "url": "hhttps://www.tompsc.com/AgendaCenter/ViewFile/Agenda/_04302025-1920",
    "updated_at": "2026-07-12 13:28:36"
   }
  },
  {
   "type": "Feature",
   "geometry": {
    "type": "Point",
    "coordinates": [
     -79.82350281409632,
     32.904779216443416
    ]
   },
   "properties": {
    "source": "planning_council",
    "project_id": "217",
    "name": "R-12-25",
    "description": "Planning Commission - Amendment to Dunes West PD to allow for Self-Service Storage Facility.",
    "status": "Archived",
    "address": "Dunes West PD",
    "application_date": "2025-07-27",
    "collection_date": "2025-07-27",
    "url": "https://www.tompsc.com/AgendaCenter/ViewFile/Agenda/_04232025-1914",
    "updated_at": "2026-07-12 13:28:36"
   }
  },
  {
   "type": "Feature",
   "geometry": {
    "type": "Point",
    "coordinates": [
     -79.81483927897813,
     32.8212569085207
    ]
   },
   "properties": {
    "source": "planning_council",
    "project_id": "218",
    "name": "R-13-25",
    "description": "Planning Commission - Amendment to Seaside Farms PD, proposal to add one additional Hotel in Neighborhood Retail Tract.",
    "status": "Archived",
    "address": "Seaside Farms PD",
    "application_date": "2025-07-27",
    "collection_date": "2025-07-27",
    "url": "https://www.tompsc.com/AgendaCenter/ViewFile/Agenda/_04232025-1914",
    "updated_at": "2026-07-12 13:28:36"
   }
  },
  {
   "type": "Feature",
   "geometry": {
    "type": "Point",
    "coordinates": [
     -79.75506893329113,
     32.88023895762679
    ]
   },
   "properties": {
    "source": "planning_council",
    "project_id": "219",
    "name": "SP-04-25",
    "description": "Planning Commission - Proposal to subdivide 3667 Tower Drive into four Single-Family Residential lots.",
    "status": "Archived",
    "address": "3667 Tower Drive",
    "application_date": "2025-07-27",
    "collection_date": "2025-07-27",
    "url": "https://www.tompsc.com/AgendaCenter/ViewFile/Agenda/_04232025-1914",
    "updated_at": "2026-07-12 13:28:36"
   }
  },
  {
   "type": "Feature",
   "geometry": {
    "type": "Point",
    "coordinates": [
     -79.74839023284416,
     32.885541274207235
    ]
   },
   "properties": {
    "source": "planning_council",
    "project_id": "220",
    "name": "R-14-25",
    "description": "Planning Commission - Request to Annex and Zone CC five parcels with Highway 17 North Frontage",
    "status": "Archived",
    "address": "Highway 17 N",
    "application_date": "2025-07-27",
    "collection_date": "2025-07-27",
    "url": "https://www.tompsc.com/AgendaCenter/ViewFile/Agenda/_04232025-1914",
    "updated_at": "2026-07-12 13:28:36"
   }
  },
  {
   "type": "Feature",
   "geometry": {
    "type": "Point",
    "coordinates": [
     -79.869100536766,
     32.77959531322255
    ]
   },
   "properties": {
    "source": "planning_council",
    "project_id": "221",
    "name": "V-11-25",
    "description": "Board of Zoning Appeals - Request for relief from §156.225(C) and §156.227(A) to allow the  removal of a 27’’ Live Oak and to encroach within the tree protection  zone of a 54’’ Hackberry.",
    "status": "Archived",
    "address": "0 McCormick Street",
    "application_date": "2025-07-27",
    "collection_date": "2025-07-27",
    "url": "https://www.tompsc.com/AgendaCenter/ViewFile/Agenda/_04282025-1919",
    "updated_at": "2026-07-12 13:28:36"
   }
  },
  {
   "type": "Feature",
   "geometry": {
    "type": "Point",
    "coordinates": [
     -79.8675877708814,
     32.81637277860634
    ]
   },
   "properties": {
    "source": "planning_council",
    "project_id": "222",
    "name": "V-12-25",
    "description": "Board of Zoning Appeals - Request for relief from §156.111(A)(1) to allow a 1-foot 10 & ¾ inch  encroachment into the rear accessory setback",
    "status": "Archived",
    "address": "727 Sparks Street",
    "application_date": "2025-07-27",
    "collection_date": "2025-07-27",
    "url": "https://www.tompsc.com/AgendaCenter/ViewFile/Agenda/_04282025-1919",
    "updated_at": "2026-07-12 13:28:36"
   }
  },
  {
   "type": "Feature",
   "geometry": {
    "type": "Point",
    "coordinates": [
     -79.90282395070993,
     32.80961680417211
    ]
   },
   "properties": {
    "source": "planning_council",
    "project_id": "223",
    "name": "V-13-25",
    "description": "Board of Zoning Appeals - Request for relief from §156.303(Table) and §156.111(A)(1) to allow a  21.3-foot encroachment into rear setback and a 4.2-foot encroachment  into the rear accessory setback",
    "status": "Archived",
    "address": "813 Harbour Watch Way",
    "application_date": "2025-07-27",
    "collection_date": "2025-07-27",
    "url": "https://www.tompsc.com/AgendaCenter/ViewFile/Agenda/_04282025-1919",
    "updated_at": "2026-07-12 13:28:36"
   }
  },
  {
   "type": "Feature",
   "geometry": {
    "type": "Point",
    "coordinates": [
     -79.77886188116636,
     32.87149037326954
    ]
   },
   "properties": {
    "source": "planning_council",
    "project_id": "224",
    "name": "Parkers Kitchen",
    "description": "Design Review Board - Final Review of Site, Landscape, and Architecture",
    "status": "Archived",
    "address": "3272 N Highway 17",
    "application_date": "2025-07-27",
    "collection_date": "2025-07-27",
    "url": "https://www.tompsc.com/AgendaCenter/ViewFile/Agenda/_04302025-1920",
    "updated_at": "2026-07-12 13:28:36"
   }
  },
  {
   "type": "Feature",
   "geometry": {
    "type": "Point",
    "coordinates": [
     -79.85135126205186,
     32.811826228498646
    ]
   },
   "properties": {
    "source": "planning_council",
    "project_id": "225",
    "name": "Everbrook Academy",
    "description": "Design Review Board - Final Review of Site, Landscape, and Architecture",
    "status": "Active",
    "address": "1350 Old Georgetown Road",
    "application_date": "2025-07-27",
    "collection_date": "2025-07-27",
    "url": "https://www.tompsc.com/AgendaCenter/ViewFile/Agenda/_06242026-2210",
    "updated_at": "2026-07-12 13:39:32"
   }
  },
  {
   "type": "Feature",
   "geometry": {
    "type": "Point",
    "coordinates": [
     -79.78835690107942,
     32.86173988920916
    ]
   },
   "properties": {
    "source": "planning_council",
    "project_id": "226",
    "name": "Walmart Expansion",
    "description": "Design Review Board - Final Review of Site, Landscape, and Architecture",
    "status": "Archived",
    "address": "3000 Proprietors Place",
    "application_date": "2025-07-27",
    "collection_date": "2025-07-27",
    "url": "https://www.tompsc.com/AgendaCenter/ViewFile/Agenda/_04302025-1920",
    "updated_at": "2026-07-12 13:28:36"
   }
  },
  {
   "type": "Feature",
   "geometry": {
    "type": "Point",
    "coordinates": [
     -79.78135097113226,
     32.867930940032345
    ]
   },
   "properties": {
    "source": "planning_council",
    "project_id": "227",
    "name": "Huntington Bank",
    "description": "Design Review Board - Preliminary Review of Site, Landscape, and Architecture",
    "status": "Archived",
    "address": "3149 N Highway 17",
    "application_date": "2025-07-27",
    "collection_date": "2025-07-27",
    "url": "https://www.tompsc.com/AgendaCenter/ViewFile/Agenda/_04302025-1920",
    "updated_at": "2026-07-12 13:28:36"
   }
  },
  {
   "type": "Feature",
   "geometry": {
    "type": "Point",
    "coordinates": [
     -79.77937150087953,
     32.87189136375551
    ]
   },
   "properties": {
    "source": "planning_council",
    "project_id": "228",
    "name": "All Americal Blvd Water line",
    "description": "Design Review Board - Final Review of Site and Landscape",
    "status": "Archived",
    "address": "All American Blvd",
    "application_date": "2025-07-27",
    "collection_date": "2025-07-27",
    "url": "https://www.tompsc.com/AgendaCenter/ViewFile/Agenda/_04302025-1920",
    "updated_at": "2026-07-12 13:28:36"
   }
  },
  {
   "type": "Feature",
   "geometry": {
    "type": "Point",
    "coordinates": [
     -79.87615474634455,
     32.786874453620534
    ]
   },
   "properties": {
    "source": "planning_council",
    "project_id": "229",
    "name": "110 Pitt Street",
    "description": "Old Village Historic District - Final Review for the alterations to a front brick stoop and repairs of an existing right of way fencing.",
    "status": "Archived",
    "address": "110 Pitt Street",
    "application_date": "2026-01-13",
    "collection_date": "2026-01-13",
    "url": "https://www.tompsc.com/AgendaCenter/ViewFile/Agenda/_10132025-2026",
    "updated_at": "2026-07-12 13:28:36"
   }
  },
  {
   "type": "Feature",
   "geometry": {
    "type": "Point",
    "coordinates": [
     -79.87351813451781,
     32.78418881733297
    ]
   },
   "properties": {
    "source": "planning_council",
    "project_id": "230",
    "name": "407 Pitt Street",
    "description": "Old Village Historic District - Final Review for the construction of new fencing and gates.",
    "status": "Active",
    "address": "407 Pitt Street",
    "application_date": "2026-01-13",
    "collection_date": "2026-01-13",
    "url": "https://www.tompsc.com/AgendaCenter/ViewFile/Agenda/_07132026-2213",
    "updated_at": "2026-07-12 13:39:32"
   }
  },
  {
   "type": "Feature",
   "geometry": {
    "type": "Point",
    "coordinates": [
     -79.87320699841011,
     32.783821256119445
    ]
   },
   "properties": {
    "source": "planning_council",
    "project_id": "231",
    "name": "417 Pitt Street",
    "description": "Old Village Historic District - Final Review for changes to a previously approved COA.",
    "status": "Archived",
    "address": "417 Pitt Street",
    "application_date": "2026-01-13",
    "collection_date": "2026-01-13",
    "url": "https://www.tompsc.com/AgendaCenter/ViewFile/Agenda/_10132025-2026",
    "updated_at": "2026-07-12 13:28:36"
   }
  },
  {
   "type": "Feature",
   "geometry": {
    "type": "Point",
    "coordinates": [
     -79.88163449938818,
     32.7884077792431
    ]
   },
   "properties": {
    "source": "planning_council",
    "project_id": "232",
    "name": "139 Toomer Lane",
    "description": "Old Village Historic District - Final Review for the construction of additions to the primary structure and a new pool.",
    "status": "Archived",
    "address": "139 Toomer Lane",
    "application_date": "2026-01-13",
    "collection_date": "2026-01-13",
    "url": "https://www.tompsc.com/AgendaCenter/ViewFile/Agenda/_01122026-2085",
    "updated_at": "2026-07-12 13:28:36"
   }
  },
  {
   "type": "Feature",
   "geometry": {
    "type": "Point",
    "coordinates": [
     -79.86991592772834,
     32.781579772187236
    ]
   },
   "properties": {
    "source": "planning_council",
    "project_id": "233",
    "name": "716 Pitt Street",
    "description": "Old Village Historic District - Final Review for the installation of fence lanterns and alterations to hardscapes.",
    "status": "Active",
    "address": "716 Pitt Street",
    "application_date": "2026-01-13",
    "collection_date": "2026-01-13",
    "url": "https://www.tompsc.com/AgendaCenter/ViewFile/Agenda/_07132026-2213",
    "updated_at": "2026-07-12 13:39:32"
   }
  },
  {
   "type": "Feature",
   "geometry": {
    "type": "Point",
    "coordinates": [
     -79.77889784759621,
     32.87140230962636
    ]
   },
   "properties": {
    "source": "planning_council",
    "project_id": "234",
    "name": "Scrubby’s and Dutch Bros",
    "description": "Design Review Board - Final Review of Site, Landscape, and Architecture",
    "status": "Archived",
    "address": "Hwy 17 & George Browder Blvd",
    "application_date": "2025-10-21",
    "collection_date": "2025-10-21",
    "url": "https://www.tompsc.com/AgendaCenter/ViewFile/Agenda/_10292025-2046",
    "updated_at": "2026-07-12 13:28:36"
   }
  },
  {
   "type": "Feature",
   "geometry": {
    "type": "Point",
    "coordinates": [
     -79.81477506829997,
     32.82137687197571
    ]
   },
   "properties": {
    "source": "planning_council",
    "project_id": "235",
    "name": "Tidewater Vet Clinic",
    "description": "Design Review Board - Final Review of Site, Landscape, and Architecture",
    "status": "Active",
    "address": "1993 Riviera Drive",
    "application_date": "2025-10-21",
    "collection_date": "2025-10-21",
    "url": "https://www.tompsc.com/AgendaCenter/ViewFile/Agenda/_06242026-2210",
    "updated_at": "2026-07-12 13:39:32"
   }
  },
  {
   "type": "Feature",
   "geometry": {
    "type": "Point",
    "coordinates": [
     -79.86588810881291,
     32.77806360274245
    ]
   },
   "properties": {
    "source": "planning_council",
    "project_id": "236",
    "name": "731 Pitt Street",
    "description": "Old Village Historic District - Preliminary Review for alterations to an existing primary structure, and driveway alterations.",
    "status": "Archived",
    "address": "731 Pitt Street",
    "application_date": "2026-01-13",
    "collection_date": "2026-01-13",
    "url": "https://www.tompsc.com/AgendaCenter/ViewFile/Agenda/_01122026-2085",
    "updated_at": "2026-07-12 13:28:36"
   }
  },
  {
   "type": "Feature",
   "geometry": {
    "type": "Point",
    "coordinates": [
     -79.85796647720177,
     32.81416608909965
    ]
   },
   "properties": {
    "source": "planning_council",
    "project_id": "237",
    "name": "R-18-26",
    "description": "Planning Commission - Request to rezone AB-1, Areawide Business District-1.",
    "status": "Active",
    "address": "913 Bowman Road",
    "application_date": "2026-01-08",
    "collection_date": "2026-01-08",
    "url": "https://www.tompsc.com/AgendaCenter/Planning-Commission-1/?#_07222026-2222",
    "updated_at": "2026-07-14 08:05:50"
   }
  },
  {
   "type": "Feature",
   "geometry": {
    "type": "Point",
    "coordinates": [
     -79.80908321730506,
     32.84690366860049
    ]
   },
   "properties": {
    "source": "planning_council",
    "project_id": "238",
    "name": "R-04-26",
    "description": "Planning Commission - Request to Annex & Zone CC, 7 parcels. TMS Nos. 578-00-00-246, 578-00-00- 278, 578-00-00-015, 578-00-00-016, 578-00-00-334, 578-00-00-335, and 578-00-00-277",
    "status": "Archived",
    "address": "Children Road & Old Georgetown Road",
    "application_date": "2026-01-08",
    "collection_date": "2026-01-08",
    "url": "https://www.tompsc.com/AgendaCenter/ViewFile/Agenda/_01212026-2096",
    "updated_at": "2026-07-12 13:28:36"
   }
  },
  {
   "type": "Feature",
   "geometry": {
    "type": "Point",
    "coordinates": [
     -79.8478196798992,
     32.80682943905073
    ]
   },
   "properties": {
    "source": "planning_council",
    "project_id": "239",
    "name": "R-05-26",
    "description": "Planning Commission - Request to Rezone R-3, two parcels currently zoned OP-2.",
    "status": "Archived",
    "address": "1242 White Flat Road",
    "application_date": "2026-01-08",
    "collection_date": "2026-01-08",
    "url": "https://www.tompsc.com/AgendaCenter/ViewFile/Agenda/_01212026-2096",
    "updated_at": "2026-07-12 13:28:36"
   }
  },
  {
   "type": "Feature",
   "geometry": {
    "type": "Point",
    "coordinates": [
     -79.79986446399637,
     32.829057317615614
    ]
   },
   "properties": {
    "source": "planning_council",
    "project_id": "240",
    "name": "R-20-26",
    "description": "Planning Commission - Request to rezone R-3, Residential District.",
    "status": "Active",
    "address": "2310 Ruffin Road",
    "application_date": "2026-01-08",
    "collection_date": "2026-01-08",
    "url": "https://www.tompsc.com/AgendaCenter/Planning-Commission-1/?#_07222026-2222",
    "updated_at": "2026-07-14 08:05:50"
   }
  },
  {
   "type": "Feature",
   "geometry": {
    "type": "Point",
    "coordinates": [
     -79.78096830241196,
     32.87269216625723
    ]
   },
   "properties": {
    "source": "planning_council",
    "project_id": "241",
    "name": "R-07-26",
    "description": "Planning Commission - Request to amend Park West PD, incorporating 7.05-acres",
    "status": "Archived",
    "address": "0 George Browder Blvd",
    "application_date": "2026-01-08",
    "collection_date": "2026-01-08",
    "url": "https://www.tompsc.com/AgendaCenter/ViewFile/Agenda/_01212026-2096",
    "updated_at": "2026-07-12 13:28:36"
   }
  },
  {
   "type": "Feature",
   "geometry": {
    "type": "Point",
    "coordinates": [
     -79.8812670368561,
     32.80658016788065
    ]
   },
   "properties": {
    "source": "planning_council",
    "project_id": "242",
    "name": "East Cooper Plaza Facade Renovations",
    "description": "Design Review Board - Preliminary Review of Site, Landscape, and Architecture",
    "status": "Archived",
    "address": "607-627 Johnnie Dodds Blvd",
    "application_date": "2026-01-10",
    "collection_date": "2026-01-10",
    "url": "https://www.tompsc.com/AgendaCenter/ViewFile/Agenda/_12032025-2068",
    "updated_at": "2026-07-12 13:28:36"
   }
  },
  {
   "type": "Feature",
   "geometry": {
    "type": "Point",
    "coordinates": [
     -79.86558147853833,
     32.81059292431482
    ]
   },
   "properties": {
    "source": "planning_council",
    "project_id": "243",
    "name": "Fairmont Shopping Center",
    "description": "Design Review Board - Final Review of Site, Landscape, and Architecture",
    "status": "Archived",
    "address": "1035 Johnnie Dodds Shopping Center",
    "application_date": "2026-01-10",
    "collection_date": "2026-01-10",
    "url": "https://www.tompsc.com/AgendaCenter/ViewFile/Agenda/_12032025-2068",
    "updated_at": "2026-07-12 13:28:36"
   }
  },
  {
   "type": "Feature",
   "geometry": {
    "type": "Point",
    "coordinates": [
     -79.86058399161323,
     32.79893378729749
    ]
   },
   "properties": {
    "source": "planning_council",
    "project_id": "244",
    "name": "V-16-26",
    "description": "Board of Zoning Appeals - Request for relief from the strict application of the standards in Table §156.424-1, Setbacks and Height for Accessory Uses and Structures, to allow a detached garage with a proposed four (4) foot side yard setback. The ordinance requires a minimum six (6) foot side yard setback for accessory buildings.",
    "status": "Active",
    "address": "1129 Sea Island Crossing Lane",
    "application_date": "2026-01-28",
    "collection_date": "2026-01-28",
    "url": "https://www.tompsc.com/AgendaCenter/Board-of-Zoning-Appeals-8/?#_07272026-2224",
    "updated_at": "2026-07-14 08:05:50"
   }
  },
  {
   "type": "Feature",
   "geometry": {
    "type": "Point",
    "coordinates": [
     -79.89934411430572,
     32.806720038578064
    ]
   },
   "properties": {
    "source": "planning_council",
    "project_id": "245",
    "name": "V-14-26",
    "description": "Board of Zoning Appeals - Request relief from the strict application of the standards in Table  §156.039-1 R2 Dimensional Standards to allow a ten-foot (10') rear yard  setback for a new detached house. The ordinance requires a twenty-five\u0002foot (25') rear yard setback. Additionally, request relief from the strict  application of §156.622(C)(1) to allow a critical area buffer width of ten  feet (10'). The ordinance requires a minimum buffer width of twenty feet  (20') and an average buffer width of thirty-five feet (35')",
    "status": "Active",
    "address": "843 Bridge Point Circle",
    "application_date": "2026-02-11",
    "collection_date": "2026-02-11",
    "url": "https://www.tompsc.com/AgendaCenter/Board-of-Zoning-Appeals-8/?#_07272026-2224",
    "updated_at": "2026-07-14 08:05:50"
   }
  },
  {
   "type": "Feature",
   "geometry": {
    "type": "Point",
    "coordinates": [
     -79.87937639041708,
     32.787903674067564
    ]
   },
   "properties": {
    "source": "planning_council",
    "project_id": "246",
    "name": "211 Bennett Street",
    "description": "Old Village Historic District - Final Review for the construction of a driveway gate.",
    "status": "Active",
    "address": "211 Bennett Street",
    "application_date": "2026-03-19",
    "collection_date": "2026-03-19",
    "url": "https://www.tompsc.com/AgendaCenter/ViewFile/Agenda/_07132026-2213",
    "updated_at": "2026-07-12 13:39:32"
   }
  },
  {
   "type": "Feature",
   "geometry": {
    "type": "Point",
    "coordinates": [
     -79.86508558149045,
     32.77587531988591
    ]
   },
   "properties": {
    "source": "planning_council",
    "project_id": "247",
    "name": "370 Schweers Lane",
    "description": "Old Village Historic District - Final Review for the renovation and construction of a new dock.",
    "status": "Active",
    "address": "370 Schweers Lane",
    "application_date": "2026-03-19",
    "collection_date": "2026-03-19",
    "url": "https://www.tompsc.com/AgendaCenter/ViewFile/Agenda/_07132026-2213",
    "updated_at": "2026-07-12 13:39:32"
   }
  },
  {
   "type": "Feature",
   "geometry": {
    "type": "Point",
    "coordinates": [
     -79.89666559933652,
     32.79887877554149
    ]
   },
   "properties": {
    "source": "planning_council",
    "project_id": "248",
    "name": "S-01-24",
    "description": "Board of Zoning Appeals - Request for an extension of the vested rights period in accordance with chapter 151.",
    "status": "Active",
    "address": "210 W Coleman Blvd",
    "application_date": "2026-05-19",
    "collection_date": "2026-05-19",
    "url": "https://www.tompsc.com/AgendaCenter/Board-of-Zoning-Appeals-8/?#_07272026-2224",
    "updated_at": "2026-07-14 08:05:50"
   }
  },
  {
   "type": "Feature",
   "geometry": {
    "type": "Point",
    "coordinates": [
     -79.85230409916088,
     32.804931806611975
    ]
   },
   "properties": {
    "source": "planning_council",
    "project_id": "250",
    "name": "Dominion Energy shed expansion",
    "description": "Design Review Board - Final Review of Site, Landscape, and Architecture",
    "status": "Archived",
    "address": "1277 Chuck Dawley Blvd",
    "application_date": "2026-05-19",
    "collection_date": "2026-05-19",
    "url": "https://www.tompsc.com/AgendaCenter/ViewFile/Agenda/_04292026-2174",
    "updated_at": "2026-07-12 13:28:36"
   }
  },
  {
   "type": "Feature",
   "geometry": {
    "type": "Point",
    "coordinates": [
     -79.84813326434754,
     32.81545495725695
    ]
   },
   "properties": {
    "source": "planning_council",
    "project_id": "251",
    "name": "Ira Road Restaurant",
    "description": "Design Review Board - Final Review of Site, Landscape, and Architecture",
    "status": "Active",
    "address": "1434 Ira Road",
    "application_date": "2026-05-19",
    "collection_date": "2026-05-19",
    "url": "https://www.tompsc.com/AgendaCenter/ViewFile/Agenda/_06242026-2210",
    "updated_at": "2026-07-12 13:39:32"
   }
  },
  {
   "type": "Feature",
   "geometry": {
    "type": "Point",
    "coordinates": [
     -79.87717354126522,
     32.792635185120055
    ]
   },
   "properties": {
    "source": "planning_council",
    "project_id": "252",
    "name": "Shem Creek Boat Landing",
    "description": "Design Review Board - Preliminary Review of Site, Landscape, and Architecture",
    "status": "Active",
    "address": "Scott Street",
    "application_date": "2026-05-19",
    "collection_date": "2026-05-19",
    "url": "https://www.tompsc.com/AgendaCenter/ViewFile/Agenda/_06242026-2210",
    "updated_at": "2026-07-12 13:39:32"
   }
  },
  {
   "type": "Feature",
   "geometry": {
    "type": "Point",
    "coordinates": [
     -79.87539299911404,
     32.78741112093573
    ]
   },
   "properties": {
    "source": "planning_council",
    "project_id": "253",
    "name": "507 Whilden Street",
    "description": "Old Village Historic District - Final Review for renovations to the primary structure.",
    "status": "Active",
    "address": "507 Whilden Street",
    "application_date": "2026-07-01",
    "collection_date": "2026-07-01",
    "url": "https://www.tompsc.com/AgendaCenter/ViewFile/Agenda/_07132026-2213",
    "updated_at": "2026-07-12 13:39:32"
   }
  },
  {
   "type": "Feature",
   "geometry": {
    "type": "Point",
    "coordinates": [
     -79.86944385951914,
     32.78126857621593
    ]
   },
   "properties": {
    "source": "planning_council",
    "project_id": "254",
    "name": "728 Pitt Street",
    "description": "Old Village Historic District - Preliminary Review for the renovation and additions to a historic structure",
    "status": "Active",
    "address": "728 Pitt Street",
    "application_date": "2026-07-01",
    "collection_date": "2026-07-01",
    "url": "https://www.tompsc.com/AgendaCenter/ViewFile/Agenda/_07132026-2213",
    "updated_at": "2026-07-12 13:39:32"
   }
  },
  {
   "type": "Feature",
   "geometry": {
    "type": "Point",
    "coordinates": [
     -79.82900151199158,
     32.811399962054885
    ]
   },
   "properties": {
    "source": "planning_council",
    "project_id": "255",
    "name": "R-19-26",
    "description": "Planning Commission - Request to Annex and Zone two parcels R-1, Residential District.",
    "status": "Active",
    "address": "1437 & 1439 Venning Road",
    "application_date": "2026-07-01",
    "collection_date": "2026-07-01",
    "url": "https://www.tompsc.com/AgendaCenter/Planning-Commission-1/?#_07222026-2222",
    "updated_at": "2026-07-14 08:05:50"
   }
  },
  {
   "type": "Feature",
   "geometry": {
    "type": "Point",
    "coordinates": [
     -79.86253985351613,
     32.79555993600185
    ]
   },
   "properties": {
    "source": "planning_council",
    "project_id": "256",
    "name": "R-21-26",
    "description": "Planning Commission - Request to rezone AB-1, Areawide Business District-1.",
    "status": "Active",
    "address": "1182 Russell Drive",
    "application_date": "2026-07-14",
    "collection_date": "2026-07-14",
    "url": "https://www.tompsc.com/AgendaCenter/Planning-Commission-1/?#_07222026-2222",
    "updated_at": "2026-07-14 08:05:50"
   }
  },
  {
   "type": "Feature",
   "geometry": {
    "type": "Point",
    "coordinates": [
     -79.90318068451101,
     32.790617522756364
    ]
   },
   "properties": {
    "source": "planning_council",
    "project_id": "257",
    "name": "Vested Rights Extension",
    "description": "Planning Commission - Request for 1-year extension of Vested Rights for Patriots Annex Impact Assessment and Conceptual Plan",
    "status": "Active",
    "address": "Patriots Point Road",
    "application_date": "2026-07-14",
    "collection_date": "2026-07-14",
    "url": "https://www.tompsc.com/AgendaCenter/Planning-Commission-1/?#_07222026-2222",
    "updated_at": "2026-07-14 08:05:50"
   }
  },
  {
   "type": "Feature",
   "geometry": {
    "type": "Point",
    "coordinates": [
     -79.86150273614118,
     32.82648323807742
    ]
   },
   "properties": {
    "source": "planning_council",
    "project_id": "83",
    "name": "V-06-25",
    "description": "Board of Zoning Appeals - Request for relief from §156.225(C) to allow the removal of 36’’ Historic Live Oak.",
    "status": "Archived",
    "address": "683 Linns Point",
    "application_date": "2025-07-27",
    "collection_date": "2025-07-27",
    "url": "https://www.tompsc.com/AgendaCenter/ViewFile/Agenda/_04282025-1919",
    "updated_at": "2026-07-12 13:28:36"
   }
  },
  {
   "type": "Feature",
   "geometry": {
    "type": "Point",
    "coordinates": [
     -79.89285793272572,
     32.80783601691311
    ]
   },
   "properties": {
    "source": "stormwater",
    "project_id": "514-00-00-023__514-1_3_27_2023_U23-03-013",
    "name": "Mount Pleasant Way- Scanlonville Praise House Trail",
    "description": "Stormwater construction project at 514-00-00-023, 514-11-00-02, 514-11-00-153",
    "status": "Comment Period Closed",
    "address": "514-00-00-023, 514-11-00-02, 514-11-00-153",
    "application_date": "2023-03-27",
    "collection_date": "2025-07-27",
    "url": "https://www.tompsc.com/DocumentCenter/View/44662/Scanlonville-Parise-house-trail-NOI",
    "updated_at": "2026-07-12 13:43:42"
   }
  },
  {
   "type": "Feature",
   "geometry": {
    "type": "Point",
    "coordinates": [
     -79.88940643411983,
     32.80583112467978
    ]
   },
   "properties": {
    "source": "stormwater",
    "project_id": "514-00-00-070_10_06_2021_C21-10-075",
    "name": "512 Johnnie Dodds - Tommy's Car Wash",
    "description": "Stormwater construction project at 514-00-00-070",
    "status": "Comment Period Closed",
    "address": "514-00-00-070",
    "application_date": "2021-10-06",
    "collection_date": "2025-07-27",
    "url": "https://www.tompsc.com/DocumentCenter/View/40905/NOI---512-Johnnie-Doddds-Master-Plan_redacted-ein",
    "updated_at": "2026-07-12 13:43:42"
   }
  },
  {
   "type": "Feature",
   "geometry": {
    "type": "Point",
    "coordinates": [
     -79.88940643411983,
     32.80583112467978
    ]
   },
   "properties": {
    "source": "stormwater",
    "project_id": "514-00-00-070_10_20_2021_C21-05-035",
    "name": "7-Eleven Store (516 Johnnie Dodds)",
    "description": "Stormwater construction project at 514-00-00-070",
    "status": "Comment Period Closed",
    "address": "514-00-00-070",
    "application_date": "2021-10-20",
    "collection_date": "2025-07-27",
    "url": "https://www.tompsc.com/DocumentCenter/View/39331/7-11-516-JD-NOI",
    "updated_at": "2026-07-12 13:43:42"
   }
  },
  {
   "type": "Feature",
   "geometry": {
    "type": "Point",
    "coordinates": [
     -79.88940643411983,
     32.80583112467978
    ]
   },
   "properties": {
    "source": "stormwater",
    "project_id": "514-00-00-070_3_18_2025_C25-03-012",
    "name": "Roper Cadillac MOB",
    "description": "Stormwater construction project at 514-00-00-070",
    "status": "Comment Period Closed",
    "address": "514-00-00-070",
    "application_date": "2025-03-18",
    "collection_date": "2025-07-27",
    "url": "https://www.tompsc.com/DocumentCenter/View/50829/Roper-Saint-Francis-Cadillac-Roper-Site-NOI_f",
    "updated_at": "2026-07-12 13:43:42"
   }
  },
  {
   "type": "Feature",
   "geometry": {
    "type": "Point",
    "coordinates": [
     -79.90077145377577,
     32.802269488577
    ]
   },
   "properties": {
    "source": "stormwater",
    "project_id": "514-00-00-413_04_01_2021_M21-03-019",
    "name": "First Responder's Memorial - Waterfront Park",
    "description": "Stormwater construction project at 514-00-00-413",
    "status": "Comment Period Closed",
    "address": "514-00-00-413",
    "application_date": "2021-04-01",
    "collection_date": "2025-07-27",
    "url": "https://www.tompsc.com/DocumentCenter/View/37071/First-Responders-Memorial-NOI",
    "updated_at": "2026-07-12 13:43:42"
   }
  },
  {
   "type": "Feature",
   "geometry": {
    "type": "Point",
    "coordinates": [
     -79.90115030542333,
     32.8013966857116
    ]
   },
   "properties": {
    "source": "stormwater",
    "project_id": "514-00-00-414__514-0_7_21_2022_C22-07-026",
    "name": "Waterfront Park Improvements Phase III",
    "description": "Stormwater construction project at 514-00-00-414, 514-00-00-415",
    "status": "Comment Period Closed",
    "address": "514-00-00-414, 514-00-00-415",
    "application_date": "2022-07-21",
    "collection_date": "2025-07-27",
    "url": "https://www.tompsc.com/DocumentCenter/View/42334/D-2617-WFP-Ph-III-Impts-Update-7-15",
    "updated_at": "2026-07-12 13:43:42"
   }
  },
  {
   "type": "Feature",
   "geometry": {
    "type": "Point",
    "coordinates": [
     -79.8874315532931,
     32.82079600650517
    ]
   },
   "properties": {
    "source": "stormwater",
    "project_id": "514-04-00-054__055_0_10_25_2023_U23-10-048",
    "name": "Hobcaw Drainage Basin Improvements",
    "description": "Stormwater construction project at 514-04-00-054, 055,059 514-12-00-180 514-08-00-059, 072, 073, 051 514-06-00-023, 024, 091, 090, 088, 041",
    "status": "Comment Period Closed",
    "address": "514-04-00-054, 055,059 514-12-00-180 514-08-00-059, 072, 073, 051 514-06-00-023, 024, 091, 090, 088, 041",
    "application_date": "2023-10-25",
    "collection_date": "2025-07-27",
    "url": "https://www.tompsc.com/DocumentCenter/View/46577/Hobcaw-drainage-NOI_d",
    "updated_at": "2026-07-12 13:43:42"
   }
  },
  {
   "type": "Feature",
   "geometry": {
    "type": "Point",
    "coordinates": [
     -79.89010462660649,
     32.81764293197873
    ]
   },
   "properties": {
    "source": "stormwater",
    "project_id": "514-07-00-070__514-0_6_15_2023_SF23-06-030",
    "name": "313 Hobcaw Drive",
    "description": "Stormwater construction project at 514-07-00-070, 514-08-00-048",
    "status": "Comment Period Closed",
    "address": "514-07-00-070, 514-08-00-048",
    "application_date": "2023-06-15",
    "collection_date": "2025-07-27",
    "url": "https://www.tompsc.com/DocumentCenter/View/45395/313-Hobcaw-NOI-Signed",
    "updated_at": "2026-07-12 13:43:42"
   }
  },
  {
   "type": "Feature",
   "geometry": {
    "type": "Point",
    "coordinates": [
     -79.88835626363219,
     32.81057492134145
    ]
   },
   "properties": {
    "source": "stormwater",
    "project_id": "514-12-00-031_9_15_2025_M25-09-039",
    "name": "Prairie House Park",
    "description": "Stormwater construction project at 514-12-00-031",
    "status": "Comment Period Closed",
    "address": "514-12-00-031",
    "application_date": "2025-09-15",
    "collection_date": "2025-10-04",
    "url": "https://www.tompsc.com/DocumentCenter/View/52351/Prairie-House-Park-Scanlonville-NOI_f",
    "updated_at": "2026-07-12 13:43:42"
   }
  },
  {
   "type": "Feature",
   "geometry": {
    "type": "Point",
    "coordinates": [
     -79.89356232352876,
     32.80365700382289
    ]
   },
   "properties": {
    "source": "stormwater",
    "project_id": "514-13-00-420_4_28_2020_C20-04-021",
    "name": "300 Wingo Way Office Building",
    "description": "Stormwater construction project at 514-13-00-420",
    "status": "Comment Period Closed",
    "address": "514-13-00-420",
    "application_date": "2020-04-28",
    "collection_date": "2025-07-27",
    "url": "https://www.tompsc.com/DocumentCenter/View/33752/Wingo-Way-Office-Bldg-NOI",
    "updated_at": "2026-07-12 13:43:42"
   }
  },
  {
   "type": "Feature",
   "geometry": {
    "type": "Point",
    "coordinates": [
     -79.88491992705549,
     32.81071874380963
    ]
   },
   "properties": {
    "source": "stormwater",
    "project_id": "514-16-00-080_2_21_2023_C23-02-008",
    "name": "Preschool of the Arts- Chabad of Charleston",
    "description": "Stormwater construction project at 514-16-00-080",
    "status": "Comment Period Closed",
    "address": "514-16-00-080",
    "application_date": "2023-02-21",
    "collection_date": "2025-07-27",
    "url": "https://www.tompsc.com/DocumentCenter/View/44327/Preschool-of-the-arts-Chabad-NOI",
    "updated_at": "2026-07-12 13:43:42"
   }
  },
  {
   "type": "Feature",
   "geometry": {
    "type": "Point",
    "coordinates": [
     -79.89890361284715,
     32.791333412708305
    ]
   },
   "properties": {
    "source": "stormwater",
    "project_id": "517-00-00-001_1_26_2024_C24-01-003",
    "name": "Seafair Village at Patriots Annex",
    "description": "Stormwater construction project at 517-00-00-001",
    "status": "Comment Period Closed",
    "address": "517-00-00-001",
    "application_date": "2024-01-26",
    "collection_date": "2025-07-27",
    "url": "https://www.tompsc.com/DocumentCenter/View/47348/Seafair-Village-Patriots-Point-NOI_d",
    "updated_at": "2026-07-12 13:43:42"
   }
  },
  {
   "type": "Feature",
   "geometry": {
    "type": "Point",
    "coordinates": [
     -79.89890361284715,
     32.791333412708305
    ]
   },
   "properties": {
    "source": "stormwater",
    "project_id": "517-00-00-001_5_23_2024_C24-05-014",
    "name": "Patriot's Annex Infrastructure",
    "description": "Stormwater construction project at 517-00-00-001",
    "status": "Comment Period Closed",
    "address": "517-00-00-001",
    "application_date": "2024-05-23",
    "collection_date": "2025-07-27",
    "url": "https://www.tompsc.com/DocumentCenter/View/48450/Patriots-point-annex-infra-NOI_F",
    "updated_at": "2026-07-12 13:43:42"
   }
  },
  {
   "type": "Feature",
   "geometry": {
    "type": "Point",
    "coordinates": [
     -79.89890361284715,
     32.791333412708305
    ]
   },
   "properties": {
    "source": "stormwater",
    "project_id": "517-00-00-001_5_30_2025_C25-05-021",
    "name": "Seafair Retail Village",
    "description": "Stormwater construction project at 517-00-00-001",
    "status": "Comment Period Closed",
    "address": "517-00-00-001",
    "application_date": "2025-05-30",
    "collection_date": "2025-07-27",
    "url": "https://www.tompsc.com/DocumentCenter/View/51412/pp-seafair-village-NOI-_D",
    "updated_at": "2026-07-12 13:43:42"
   }
  },
  {
   "type": "Feature",
   "geometry": {
    "type": "Point",
    "coordinates": [
     -79.89931704121506,
     32.79152540571417
    ]
   },
   "properties": {
    "source": "stormwater",
    "project_id": "517-00-00-001_5_30_2025_C25-05-022",
    "name": "Grand Patriot Hotel",
    "description": "Stormwater construction project at 517-00-00-001",
    "status": "Comment Period Closed",
    "address": "517-00-00-001",
    "application_date": "2025-05-30",
    "collection_date": "2026-07-12",
    "url": "https://www.tompsc.com/DocumentCenter/View/51411/Grand-hotel-NOI_d",
    "updated_at": "2026-07-12 13:43:48"
   }
  },
  {
   "type": "Feature",
   "geometry": {
    "type": "Point",
    "coordinates": [
     -79.89931704121506,
     32.79152540571417
    ]
   },
   "properties": {
    "source": "stormwater",
    "project_id": "517-00-00-001_5_30_2025_C25-05-023",
    "name": "Grand Lawn Mixed Use",
    "description": "Stormwater construction project at 517-00-00-001",
    "status": "Comment Period Closed",
    "address": "517-00-00-001",
    "application_date": "2025-05-30",
    "collection_date": "2026-07-12",
    "url": "https://www.tompsc.com/DocumentCenter/View/51410/grand-lawn-noi_D",
    "updated_at": "2026-07-12 13:43:48"
   }
  },
  {
   "type": "Feature",
   "geometry": {
    "type": "Point",
    "coordinates": [
     -79.89890361284715,
     32.791333412708305
    ]
   },
   "properties": {
    "source": "stormwater",
    "project_id": "517-00-00-001_6_22_2022_C22-06-025",
    "name": "Yorktown Parking Lot",
    "description": "Stormwater construction project at 517-00-00-001",
    "status": "Comment Period Closed",
    "address": "517-00-00-001",
    "application_date": "2022-06-22",
    "collection_date": "2025-07-27",
    "url": "https://www.tompsc.com/DocumentCenter/View/42058/8829-Yorktown-Parking-Lot-NOI-Signed",
    "updated_at": "2026-07-12 13:43:42"
   }
  },
  {
   "type": "Feature",
   "geometry": {
    "type": "Point",
    "coordinates": [
     -79.89890361284715,
     32.791333412708305
    ]
   },
   "properties": {
    "source": "stormwater",
    "project_id": "517-00-00-001__039___3_18_2025_U25-03-010",
    "name": "Patriots Point Annex Gas Main",
    "description": "Stormwater construction project at 517-00-00-001, 039, 125, 260, 261, 262, 263",
    "status": "Comment Period Closed",
    "address": "517-00-00-001, 039, 125, 260, 261, 262, 263",
    "application_date": "2025-03-18",
    "collection_date": "2025-07-27",
    "url": "https://www.tompsc.com/DocumentCenter/View/50817/Patriots-Annex-Gas-Main-NOI_d",
    "updated_at": "2026-07-12 13:43:42"
   }
  },
  {
   "type": "Feature",
   "geometry": {
    "type": "Point",
    "coordinates": [
     -79.89059118628455,
     32.79966268199192
    ]
   },
   "properties": {
    "source": "stormwater",
    "project_id": "517-00-00-009_3_23_2022_C22-03-015",
    "name": "The Cooper Apartments Building 315",
    "description": "Stormwater construction project at 517-00-00-009",
    "status": "Comment Period Closed",
    "address": "517-00-00-009",
    "application_date": "2022-03-23",
    "collection_date": "2025-07-27",
    "url": "https://www.tompsc.com/DocumentCenter/View/41007/The-Cooper-NOI_Signed",
    "updated_at": "2026-07-12 13:43:42"
   }
  },
  {
   "type": "Feature",
   "geometry": {
    "type": "Point",
    "coordinates": [
     -79.89059118628455,
     32.79966268199192
    ]
   },
   "properties": {
    "source": "stormwater",
    "project_id": "517-00-00-009_5_3_2023_C23-05-021",
    "name": "Cooper Apartments Maintenance Shed",
    "description": "Stormwater construction project at 517-00-00-009",
    "status": "Comment Period Closed",
    "address": "517-00-00-009",
    "application_date": "2023-05-03",
    "collection_date": "2025-07-27",
    "url": "https://www.tompsc.com/DocumentCenter/View/45035/Cooper-Maintenance-building-NOI_f",
    "updated_at": "2026-07-12 13:43:42"
   }
  },
  {
   "type": "Feature",
   "geometry": {
    "type": "Point",
    "coordinates": [
     -79.88786627968412,
     32.802145604714454
    ]
   },
   "properties": {
    "source": "stormwater",
    "project_id": "517-00-00-010_01_29_2021_C20-09-058",
    "name": "Mount Pleasant Town Hall Track Improvements",
    "description": "Stormwater construction project at 517-00-00-010",
    "status": "Comment Period Closed",
    "address": "517-00-00-010",
    "application_date": "2021-01-29",
    "collection_date": "2025-07-27",
    "url": "https://www.tompsc.com/DocumentCenter/View/36314/Town-Hall-Track-NOI",
    "updated_at": "2026-07-12 13:43:42"
   }
  },
  {
   "type": "Feature",
   "geometry": {
    "type": "Point",
    "coordinates": [
     -79.90006423646896,
     32.79652251452439
    ]
   },
   "properties": {
    "source": "stormwater",
    "project_id": "517-00-00-012_11_8_2022_C22-11-046",
    "name": "College of Charleston Baseball Field",
    "description": "Stormwater construction project at 517-00-00-012",
    "status": "Comment Period Closed",
    "address": "517-00-00-012",
    "application_date": "2022-11-08",
    "collection_date": "2025-07-27",
    "url": "https://www.tompsc.com/DocumentCenter/View/43311/Cofc-baseball-patriots-point-NOI",
    "updated_at": "2026-07-12 13:43:42"
   }
  },
  {
   "type": "Feature",
   "geometry": {
    "type": "Point",
    "coordinates": [
     -79.90006423646896,
     32.79652251452439
    ]
   },
   "properties": {
    "source": "stormwater",
    "project_id": "517-00-00-012__001_1_13_2022_C22-01-004",
    "name": "Charleston Battery Stadium - Phase 2",
    "description": "Stormwater construction project at 517-00-00-012, 001",
    "status": "Comment Period Closed",
    "address": "517-00-00-012, 001",
    "application_date": "2022-01-13",
    "collection_date": "2025-07-27",
    "url": "https://www.tompsc.com/DocumentCenter/View/40161/Battery-Ph-2-NOI",
    "updated_at": "2026-07-12 13:43:42"
   }
  },
  {
   "type": "Feature",
   "geometry": {
    "type": "Point",
    "coordinates": [
     -79.89578235947182,
     32.79854765442982
    ]
   },
   "properties": {
    "source": "stormwater",
    "project_id": "517-00-00-019_09_09_2020_U20-06-036",
    "name": "MPW Force Main Replacement for Magrath Darby/Coleman",
    "description": "Stormwater construction project at 517-00-00-019",
    "status": "Comment Period Closed",
    "address": "517-00-00-019",
    "application_date": "2020-09-09",
    "collection_date": "2025-07-27",
    "url": "https://www.tompsc.com/DocumentCenter/View/34752/MPW-Magrath-Darby-FM-0451",
    "updated_at": "2026-07-12 13:43:42"
   }
  },
  {
   "type": "Feature",
   "geometry": {
    "type": "Point",
    "coordinates": [
     -79.8947780777787,
     32.801524320711664
    ]
   },
   "properties": {
    "source": "stormwater",
    "project_id": "517-00-00-023_-007_2_17_2026_C26-02-004",
    "name": "Drury Plaza Hotel",
    "description": "Stormwater construction project at 517-00-00-023,-007",
    "status": "Comment Period Closed",
    "address": "517-00-00-023,-007",
    "application_date": "2026-02-17",
    "collection_date": "2026-02-18",
    "url": "https://www.tompsc.com/DocumentCenter/View/53740/Drury-Plaza-Hotel-ePermitting-NOI_redacted-f",
    "updated_at": "2026-07-12 13:43:42"
   }
  },
  {
   "type": "Feature",
   "geometry": {
    "type": "Point",
    "coordinates": [
     -79.90269581384798,
     32.79673974253918
    ]
   },
   "properties": {
    "source": "stormwater",
    "project_id": "517-00-00-038_2_23_2023_C22-11-048",
    "name": "Residence Inn at Patriot's Point",
    "description": "Stormwater construction project at 517-00-00-038",
    "status": "Comment Period Closed",
    "address": "517-00-00-038",
    "application_date": "2023-02-23",
    "collection_date": "2025-07-27",
    "url": "https://www.tompsc.com/DocumentCenter/View/44350/Residence-Inn-NOI-signed",
    "updated_at": "2026-07-12 13:43:42"
   }
  },
  {
   "type": "Feature",
   "geometry": {
    "type": "Point",
    "coordinates": [
     -79.87993090911722,
     32.80751650436217
    ]
   },
   "properties": {
    "source": "stormwater",
    "project_id": "517-04-00-105_10_21_2021_C21-09-071",
    "name": "East Cooper Plaza",
    "description": "Stormwater construction project at 517-04-00-105",
    "status": "Comment Period Closed",
    "address": "517-04-00-105",
    "application_date": "2021-10-21",
    "collection_date": "2025-07-27",
    "url": "https://www.tompsc.com/DocumentCenter/View/39339/East-Cooper-Plaza-NOI",
    "updated_at": "2026-07-12 13:43:42"
   }
  },
  {
   "type": "Feature",
   "geometry": {
    "type": "Point",
    "coordinates": [
     -79.87993090911722,
     32.80751650436217
    ]
   },
   "properties": {
    "source": "stormwater",
    "project_id": "517-04-00-105_3_24_2026_C26-03-007",
    "name": "Plaza at East Cooper",
    "description": "Stormwater construction project at 517-04-00-105",
    "status": "Comment Period Closed",
    "address": "517-04-00-105",
    "application_date": "2026-03-24",
    "collection_date": "2026-03-25",
    "url": "https://www.tompsc.com/DocumentCenter/View/54179/Plaza-at-East-Cooper-NOI",
    "updated_at": "2026-07-12 13:43:42"
   }
  },
  {
   "type": "Feature",
   "geometry": {
    "type": "Point",
    "coordinates": [
     -79.89035256622513,
     32.79711519274878
    ]
   },
   "properties": {
    "source": "stormwater",
    "project_id": "517-06-00-001__108-1_6_5_2023_R23-06-027",
    "name": "Queens Court Redevelopment",
    "description": "Stormwater construction project at 517-06-00-001, 108-117",
    "status": "Comment Period Closed",
    "address": "517-06-00-001, 108-117",
    "application_date": "2023-06-05",
    "collection_date": "2025-07-27",
    "url": "https://www.tompsc.com/DocumentCenter/View/45276/Queens-Court-Redevelopment-NOI",
    "updated_at": "2026-07-12 13:43:42"
   }
  },
  {
   "type": "Feature",
   "geometry": {
    "type": "Point",
    "coordinates": [
     -79.87296711463605,
     32.792161373778285
    ]
   },
   "properties": {
    "source": "stormwater",
    "project_id": "517-16-00-002_10_28_2025_C25-10-042",
    "name": "Moultrie Plaza Outparcel",
    "description": "Stormwater construction project at 517-16-00-002",
    "status": "Comment Period Closed",
    "address": "517-16-00-002",
    "application_date": "2025-10-28",
    "collection_date": "2025-10-29",
    "url": "https://www.tompsc.com/DocumentCenter/View/52653/Moultrie-plaza-outparcel_restaurant-addition-NOI_d",
    "updated_at": "2026-07-12 13:43:42"
   }
  },
  {
   "type": "Feature",
   "geometry": {
    "type": "Point",
    "coordinates": [
     -79.87296711463605,
     32.792161373778285
    ]
   },
   "properties": {
    "source": "stormwater",
    "project_id": "517-16-00-002_1_12_2024_C24-01-001",
    "name": "Moultrie Plaza",
    "description": "Stormwater construction project at 517-16-00-002",
    "status": "Comment Period Closed",
    "address": "517-16-00-002",
    "application_date": "2024-01-12",
    "collection_date": "2025-07-27",
    "url": "https://www.tompsc.com/DocumentCenter/View/47240/Moultrie-Plaza-Exterior-Renovations-NOI",
    "updated_at": "2026-07-12 13:43:42"
   }
  },
  {
   "type": "Feature",
   "geometry": {
    "type": "Point",
    "coordinates": [
     -79.87296711463605,
     32.792161373778285
    ]
   },
   "properties": {
    "source": "stormwater",
    "project_id": "517-16-00-002_8_20_2025_C25-08-036",
    "name": "Moultrie Plaza",
    "description": "Stormwater construction project at 517-16-00-002",
    "status": "Comment Period Closed",
    "address": "517-16-00-002",
    "application_date": "2025-08-20",
    "collection_date": "2025-10-04",
    "url": "https://www.tompsc.com/DocumentCenter/View/52086/Moultrie-Plaza",
    "updated_at": "2026-07-12 13:43:42"
   }
  },
  {
   "type": "Feature",
   "geometry": {
    "type": "Point",
    "coordinates": [
     -79.87747668041621,
     32.79251061888901
    ]
   },
   "properties": {
    "source": "stormwater",
    "project_id": "517-16-00-034__035___10_31_2025_C25-10-043",
    "name": "Shem Creek Boutique Hotel",
    "description": "Stormwater construction project at 517-16-00-034, 035, 057,058",
    "status": "Comment Period Closed",
    "address": "517-16-00-034, 035, 057,058",
    "application_date": "2025-10-31",
    "collection_date": "2025-11-01",
    "url": "https://www.tompsc.com/DocumentCenter/View/52670/Shem-Creek-Boutique-NOI_d",
    "updated_at": "2026-07-12 13:43:42"
   }
  },
  {
   "type": "Feature",
   "geometry": {
    "type": "Point",
    "coordinates": [
     -79.84918232356262,
     32.78926296644656
    ]
   },
   "properties": {
    "source": "stormwater",
    "project_id": "532-00-00-002_4_21_2020_MF20-04-020",
    "name": "Atlantic Beach House SC703 Ben Sawyer Blvd RW Improvements",
    "description": "Stormwater construction project at 532-00-00-002",
    "status": "Comment Period Closed",
    "address": "532-00-00-002",
    "application_date": "2020-04-21",
    "collection_date": "2025-07-27",
    "url": "https://www.tompsc.com/DocumentCenter/View/33725/ABH-RW--NOI-LCP-MS4-RW-rev",
    "updated_at": "2026-07-12 13:43:42"
   }
  },
  {
   "type": "Feature",
   "geometry": {
    "type": "Point",
    "coordinates": [
     -79.86932239791874,
     32.79288693635665
    ]
   },
   "properties": {
    "source": "stormwater",
    "project_id": "532-02-00-124_11_15_2022_C22-11-047",
    "name": "Fifth Third-Coleman",
    "description": "Stormwater construction project at 532-02-00-124",
    "status": "Comment Period Closed",
    "address": "532-02-00-124",
    "application_date": "2022-11-15",
    "collection_date": "2025-07-27",
    "url": "https://www.tompsc.com/DocumentCenter/View/43339/NOI",
    "updated_at": "2026-07-12 13:43:42"
   }
  },
  {
   "type": "Feature",
   "geometry": {
    "type": "Point",
    "coordinates": [
     -79.8716124096377,
     32.78626358768683
    ]
   },
   "properties": {
    "source": "stormwater",
    "project_id": "532-05-00-129_03_16_2021_R21-03-006",
    "name": "Edmund Jenkins Site Improvement",
    "description": "Stormwater construction project at 532-05-00-129",
    "status": "Comment Period Closed",
    "address": "532-05-00-129",
    "application_date": "2021-03-16",
    "collection_date": "2025-07-27",
    "url": "https://www.tompsc.com/DocumentCenter/View/36894/Edmund-Jenkins-NOI",
    "updated_at": "2026-07-12 13:43:42"
   }
  },
  {
   "type": "Feature",
   "geometry": {
    "type": "Point",
    "coordinates": [
     -79.86466691963655,
     32.792758945229814
    ]
   },
   "properties": {
    "source": "stormwater",
    "project_id": "532-06-00-279_8_21_2024_C24-08-021",
    "name": "Erckmann Drive Pool",
    "description": "Stormwater construction project at 532-06-00-279",
    "status": "Comment Period Closed",
    "address": "532-06-00-279",
    "application_date": "2024-08-21",
    "collection_date": "2025-07-27",
    "url": "https://www.tompsc.com/DocumentCenter/View/49145/Erckmann-Drive-Pool-NOI_f",
    "updated_at": "2026-07-12 13:43:42"
   }
  },
  {
   "type": "Feature",
   "geometry": {
    "type": "Point",
    "coordinates": [
     -79.85190635462969,
     32.79735533913675
    ]
   },
   "properties": {
    "source": "stormwater",
    "project_id": "532-08-00-044_1_28_2022_M20-06-040",
    "name": "East Cooper Montessori Charter School (Car Loop)",
    "description": "Stormwater construction project at 532-08-00-044",
    "status": "Comment Period Closed",
    "address": "532-08-00-044",
    "application_date": "2022-01-28",
    "collection_date": "2025-07-27",
    "url": "https://www.tompsc.com/DocumentCenter/View/40340/East-Cooper-Montessori-Car-Loop-NOI",
    "updated_at": "2026-07-12 13:43:42"
   }
  },
  {
   "type": "Feature",
   "geometry": {
    "type": "Point",
    "coordinates": [
     -79.85190635462969,
     32.79735533913675
    ]
   },
   "properties": {
    "source": "stormwater",
    "project_id": "532-08-00-044_8_25_2023_C23-08-039",
    "name": "East Cooper Montessori - Renovation & Expansion",
    "description": "Stormwater construction project at 532-08-00-044",
    "status": "Comment Period Closed",
    "address": "532-08-00-044",
    "application_date": "2023-08-25",
    "collection_date": "2025-07-27",
    "url": "https://www.tompsc.com/DocumentCenter/View/46003/ECMCS-REnovation-and-Expansion-NOI-signed-",
    "updated_at": "2026-07-12 13:43:42"
   }
  },
  {
   "type": "Feature",
   "geometry": {
    "type": "Point",
    "coordinates": [
     -79.87115883549008,
     32.77970829761137
    ]
   },
   "properties": {
    "source": "stormwater",
    "project_id": "532-09-00-005__032_11_29_2023_C23-11-053",
    "name": "Alhambra Hall Renovation",
    "description": "Stormwater construction project at 532-09-00-005, 032",
    "status": "Comment Period Closed",
    "address": "532-09-00-005, 032",
    "application_date": "2023-11-29",
    "collection_date": "2025-07-27",
    "url": "https://www.tompsc.com/DocumentCenter/View/46865/Alhambra-Hall-Renovation-NOI_needs-edit",
    "updated_at": "2026-07-12 13:43:42"
   }
  },
  {
   "type": "Feature",
   "geometry": {
    "type": "Point",
    "coordinates": [
     -79.8641281039949,
     32.78584813617502
    ]
   },
   "properties": {
    "source": "stormwater",
    "project_id": "532-10-00-340_2_8_2023_SF23-02-006",
    "name": "Edwards Place Phase II",
    "description": "Stormwater construction project at 532-10-00-340",
    "status": "Comment Period Closed",
    "address": "532-10-00-340",
    "application_date": "2023-02-08",
    "collection_date": "2025-07-27",
    "url": "https://www.tompsc.com/DocumentCenter/View/44219/Edwards-place-Phase-II-NOI",
    "updated_at": "2026-07-12 13:43:42"
   }
  },
  {
   "type": "Feature",
   "geometry": {
    "type": "Point",
    "coordinates": [
     -79.85507698281977,
     32.79367839745425
    ]
   },
   "properties": {
    "source": "stormwater",
    "project_id": "532-11-00-140_3_29_2022_C21-12-084",
    "name": "Circle K Mt. Pleasant (Ben Sawyer & Rifle Range)",
    "description": "Stormwater construction project at 532-11-00-140",
    "status": "Comment Period Closed",
    "address": "532-11-00-140",
    "application_date": "2022-03-29",
    "collection_date": "2025-07-27",
    "url": "https://www.tompsc.com/DocumentCenter/View/41142/Circle-K-Ben-Sawyer-NOI",
    "updated_at": "2026-07-12 13:43:42"
   }
  },
  {
   "type": "Feature",
   "geometry": {
    "type": "Point",
    "coordinates": [
     -79.85834832013394,
     32.777533065694996
    ]
   },
   "properties": {
    "source": "stormwater",
    "project_id": "532-13-00-070_3_18_2025_U25-03-009",
    "name": "Mount Pleasant Waterworks Wastewater ROA",
    "description": "Stormwater construction project at 532-13-00-070",
    "status": "Comment Period Closed",
    "address": "532-13-00-070",
    "application_date": "2025-03-18",
    "collection_date": "2025-07-27",
    "url": "https://www.tompsc.com/DocumentCenter/View/50816/MPW-Center-Street-Pump-Station-NOI_f",
    "updated_at": "2026-07-12 13:43:42"
   }
  },
  {
   "type": "Feature",
   "geometry": {
    "type": "Point",
    "coordinates": [
     -79.86449349115233,
     32.815519379543666
    ]
   },
   "properties": {
    "source": "stormwater",
    "project_id": "535-00-00-215_10_06_2020_M20-06-038",
    "name": "Charleston County Library Renovations - Mt. Pleasant",
    "description": "Stormwater construction project at 535-00-00-215",
    "status": "Comment Period Closed",
    "address": "535-00-00-215",
    "application_date": "2020-10-06",
    "collection_date": "2025-07-27",
    "url": "https://www.tompsc.com/DocumentCenter/View/34952/CC-Library-Mathis-Ferry-NOI",
    "updated_at": "2026-07-12 13:43:42"
   }
  },
  {
   "type": "Feature",
   "geometry": {
    "type": "Point",
    "coordinates": [
     -79.85895540952129,
     32.81148372950049
    ]
   },
   "properties": {
    "source": "stormwater",
    "project_id": "535-00-00-260__535-0_09_21_2020_C20-07-049",
    "name": "Spartina Office",
    "description": "Stormwater construction project at 535-00-00-260, 535-00-00-077",
    "status": "Comment Period Closed",
    "address": "535-00-00-260, 535-00-00-077",
    "application_date": "2020-09-21",
    "collection_date": "2025-07-27",
    "url": "https://www.tompsc.com/DocumentCenter/View/34856/1081-Johnnie-Dodds-Office-NOI",
    "updated_at": "2026-07-12 13:43:42"
   }
  },
  {
   "type": "Feature",
   "geometry": {
    "type": "Point",
    "coordinates": [
     -79.86593453552052,
     32.83852859998701
    ]
   },
   "properties": {
    "source": "stormwater",
    "project_id": "537-00-00-001_153_15_4_11_2022_M21-07-047",
    "name": "Maritime Port District Intersection Improvements",
    "description": "Stormwater construction project at 537-00-00-001,153,154,152,002",
    "status": "Comment Period Closed",
    "address": "537-00-00-001,153,154,152,002",
    "application_date": "2022-04-11",
    "collection_date": "2025-07-27",
    "url": "https://www.tompsc.com/DocumentCenter/View/41280/Maritime-Port-NOI-Revised-12-15-21",
    "updated_at": "2026-07-12 13:43:42"
   }
  },
  {
   "type": "Feature",
   "geometry": {
    "type": "Point",
    "coordinates": [
     -79.86593453552052,
     32.83852859998701
    ]
   },
   "properties": {
    "source": "stormwater",
    "project_id": "537-00-00-001__046___12_8_2025_U25-12-048",
    "name": "Hobcaw - Mt. Pleasant Line Relocation for SCDOT",
    "description": "Stormwater construction project at 537-00-00-001, 046; 540-00-00-094, 032, 108, 065, 143, 138; 556-00-00-209, 198",
    "status": "Comment Period Closed",
    "address": "537-00-00-001, 046; 540-00-00-094, 032, 108, 065, 143, 138; 556-00-00-209, 198",
    "application_date": "2025-12-08",
    "collection_date": "2025-12-09",
    "url": "https://www.tompsc.com/DocumentCenter/View/53065/Hobcaw---Mt-Pleasant-Line-Relocation-NOI_d",
    "updated_at": "2026-07-12 13:43:42"
   }
  },
  {
   "type": "Feature",
   "geometry": {
    "type": "Point",
    "coordinates": [
     -79.86562458075416,
     32.84235377045633
    ]
   },
   "properties": {
    "source": "stormwater",
    "project_id": "537-00-00-085__084_9_19_2023_C23-09-043",
    "name": "Tapio Dance Studio",
    "description": "Stormwater construction project at 537-00-00-085, 084",
    "status": "Comment Period Closed",
    "address": "537-00-00-085, 084",
    "application_date": "2023-09-19",
    "collection_date": "2025-07-27",
    "url": "https://www.tompsc.com/DocumentCenter/View/46216/Tapio-Dance-NOI-needs-edits",
    "updated_at": "2026-07-12 13:43:42"
   }
  },
  {
   "type": "Feature",
   "geometry": {
    "type": "Point",
    "coordinates": [
     -79.867839574251,
     32.83815830957583
    ]
   },
   "properties": {
    "source": "stormwater",
    "project_id": "537-00-00-152_8_21_2025_C25-08-037",
    "name": "Circle K Wando Park Blvd",
    "description": "Stormwater construction project at 537-00-00-152",
    "status": "Comment Period Closed",
    "address": "537-00-00-152",
    "application_date": "2025-08-21",
    "collection_date": "2025-10-04",
    "url": "https://www.tompsc.com/DocumentCenter/View/52088/Circle-K-Wando-Park-Blvd-NOI_needs-edits",
    "updated_at": "2026-07-12 13:43:42"
   }
  },
  {
   "type": "Feature",
   "geometry": {
    "type": "Point",
    "coordinates": [
     -79.867839574251,
     32.83815830957583
    ]
   },
   "properties": {
    "source": "stormwater",
    "project_id": "537-00-00-152__153___5_23_2022_C20-09-076",
    "name": "Circle K Wando Park Blvd",
    "description": "Stormwater construction project at 537-00-00-152, 153, 154",
    "status": "Comment Period Closed",
    "address": "537-00-00-152, 153, 154",
    "application_date": "2022-05-23",
    "collection_date": "2025-07-27",
    "url": "https://www.tompsc.com/DocumentCenter/View/41842/Circle-K-Wando-Park-Blvd-NOI",
    "updated_at": "2026-07-12 13:43:42"
   }
  },
  {
   "type": "Feature",
   "geometry": {
    "type": "Point",
    "coordinates": [
     -79.86224540284005,
     32.85227049696353
    ]
   },
   "properties": {
    "source": "stormwater",
    "project_id": "537-08-00-006__040_9_12_2022_U22-09-033",
    "name": "MPW PS 90 Rehabilitation",
    "description": "Stormwater construction project at 537-08-00-006, 040",
    "status": "Comment Period Closed",
    "address": "537-08-00-006, 040",
    "application_date": "2022-09-12",
    "collection_date": "2025-07-27",
    "url": "https://www.tompsc.com/DocumentCenter/View/42791/MPW-ps-90-NOI",
    "updated_at": "2026-07-12 13:43:42"
   }
  },
  {
   "type": "Feature",
   "geometry": {
    "type": "Point",
    "coordinates": [
     -79.8702164593626,
     32.84886809515164
    ]
   },
   "properties": {
    "source": "stormwater",
    "project_id": "537-08-00-423__357_3_6_9_2025_R25-06-024",
    "name": "Hibben Phase 7",
    "description": "Stormwater construction project at 537-08-00-423, 357,380",
    "status": "Comment Period Closed",
    "address": "537-08-00-423, 357,380",
    "application_date": "2025-06-09",
    "collection_date": "2025-07-27",
    "url": "https://www.tompsc.com/DocumentCenter/View/51491/Hibben-phase-7-NOI_needs-ein",
    "updated_at": "2026-07-12 13:43:42"
   }
  },
  {
   "type": "Feature",
   "geometry": {
    "type": "Point",
    "coordinates": [
     -79.75664747461086,
     32.883113993964756
    ]
   },
   "properties": {
    "source": "stormwater",
    "project_id": "540-00-00-018__022_3_21_2022_R21-09-066",
    "name": "Carolina Park Phase K",
    "description": "Stormwater construction project at 540-00-00-018, 022",
    "status": "Comment Period Closed",
    "address": "540-00-00-018, 022",
    "application_date": "2022-03-21",
    "collection_date": "2025-07-27",
    "url": "https://www.tompsc.com/DocumentCenter/View/40998/Carolina-Park-Phase-K-NOI",
    "updated_at": "2026-07-12 13:43:42"
   }
  },
  {
   "type": "Feature",
   "geometry": {
    "type": "Point",
    "coordinates": [
     -79.77717666432348,
     32.897351759470325
    ]
   },
   "properties": {
    "source": "stormwater",
    "project_id": "540-00-00-021_09_08_2021_M21-07-048",
    "name": "Mount Pleasant Airport - T-Hangar Development",
    "description": "Stormwater construction project at 540-00-00-021",
    "status": "Comment Period Closed",
    "address": "540-00-00-021",
    "application_date": "2021-09-08",
    "collection_date": "2025-07-27",
    "url": "https://www.tompsc.comMount%20Pleasant%20Airport%20-%20T-Hangar%20Development",
    "updated_at": "2026-07-12 13:43:42"
   }
  },
  {
   "type": "Feature",
   "geometry": {
    "type": "Point",
    "coordinates": [
     -79.77717666432348,
     32.897351759470325
    ]
   },
   "properties": {
    "source": "stormwater",
    "project_id": "540-00-00-021_1_27_2025_C25-01-002",
    "name": "LRO Parking Lot Expansion Project",
    "description": "Stormwater construction project at 540-00-00-021",
    "status": "Comment Period Closed",
    "address": "540-00-00-021",
    "application_date": "2025-01-27",
    "collection_date": "2025-07-27",
    "url": "https://www.tompsc.com/DocumentCenter/View/50316/MTP-Airport-parking-expansion-NOI_needs-edits",
    "updated_at": "2026-07-12 13:43:42"
   }
  },
  {
   "type": "Feature",
   "geometry": {
    "type": "Point",
    "coordinates": [
     -79.75032990912305,
     32.913230399443435
    ]
   },
   "properties": {
    "source": "stormwater",
    "project_id": "540-00-00-022_04_30_2021_R21-04-033",
    "name": "Carolina Park Phase J",
    "description": "Stormwater construction project at 540-00-00-022",
    "status": "Comment Period Closed",
    "address": "540-00-00-022",
    "application_date": "2021-04-30",
    "collection_date": "2025-07-27",
    "url": "https://www.tompsc.com/DocumentCenter/View/37443/CP-Ph-J-NOI",
    "updated_at": "2026-07-12 13:43:42"
   }
  },
  {
   "type": "Feature",
   "geometry": {
    "type": "Point",
    "coordinates": [
     -79.75032990912305,
     32.913230399443435
    ]
   },
   "properties": {
    "source": "stormwater",
    "project_id": "540-00-00-022_07_09_2020_R20-07-073",
    "name": "Carolina Park Phase H.1 & H.2",
    "description": "Stormwater construction project at 540-00-00-022",
    "status": "Comment Period Closed",
    "address": "540-00-00-022",
    "application_date": "2020-07-09",
    "collection_date": "2025-07-27",
    "url": "https://www.tompsc.com/DocumentCenter/View/35516/CP-Phase-H-NOI",
    "updated_at": "2026-07-12 13:43:42"
   }
  },
  {
   "type": "Feature",
   "geometry": {
    "type": "Point",
    "coordinates": [
     -79.75032990912305,
     32.913230399443435
    ]
   },
   "properties": {
    "source": "stormwater",
    "project_id": "540-00-00-022_1_6_2022_R21-11-080",
    "name": "Carolina Park Phase J.2",
    "description": "Stormwater construction project at 540-00-00-022",
    "status": "Comment Period Closed",
    "address": "540-00-00-022",
    "application_date": "2022-01-06",
    "collection_date": "2025-07-27",
    "url": "https://www.tompsc.com/DocumentCenter/View/40061/CP-Phase-J2-NOI",
    "updated_at": "2026-07-12 13:43:42"
   }
  },
  {
   "type": "Feature",
   "geometry": {
    "type": "Point",
    "coordinates": [
     -79.76707147316621,
     32.88998488206155
    ]
   },
   "properties": {
    "source": "stormwater",
    "project_id": "540-00-00-035_10_23_2023_C23-10-046",
    "name": "Cape Landing",
    "description": "Stormwater construction project at 540-00-00-035",
    "status": "Comment Period Closed",
    "address": "540-00-00-035",
    "application_date": "2023-10-23",
    "collection_date": "2025-07-27",
    "url": "https://www.tompsc.com/DocumentCenter/View/46560/Cape-Landing-NOI_d",
    "updated_at": "2026-07-12 13:43:42"
   }
  },
  {
   "type": "Feature",
   "geometry": {
    "type": "Point",
    "coordinates": [
     -79.76707147316621,
     32.88998488206155
    ]
   },
   "properties": {
    "source": "stormwater",
    "project_id": "540-00-00-035_3_18_2025_C25-03-011",
    "name": "Cape Landing",
    "description": "Stormwater construction project at 540-00-00-035",
    "status": "Comment Period Closed",
    "address": "540-00-00-035",
    "application_date": "2025-03-18",
    "collection_date": "2025-07-27",
    "url": "https://www.tompsc.com/DocumentCenter/View/50828/Cape-Landing-NOI_f",
    "updated_at": "2026-07-12 13:43:42"
   }
  },
  {
   "type": "Feature",
   "geometry": {
    "type": "Point",
    "coordinates": [
     -79.75914644149553,
     32.89112637727132
    ]
   },
   "properties": {
    "source": "stormwater",
    "project_id": "540-00-00-097_1_6_2022_C22-01-001",
    "name": "Bandroom Addition to Wando High School",
    "description": "Stormwater construction project at 540-00-00-097",
    "status": "Comment Period Closed",
    "address": "540-00-00-097",
    "application_date": "2022-01-06",
    "collection_date": "2025-07-27",
    "url": "https://www.tompsc.com/DocumentCenter/View/40058/WH-Band-Room-Adtn-NOI",
    "updated_at": "2026-07-12 13:43:42"
   }
  },
  {
   "type": "Feature",
   "geometry": {
    "type": "Point",
    "coordinates": [
     -79.75914644149553,
     32.89112637727132
    ]
   },
   "properties": {
    "source": "stormwater",
    "project_id": "540-00-00-097_3_24_2026_C26-03-008",
    "name": "CCSD Athletic Improvements to Wando High School Athletics",
    "description": "Stormwater construction project at 540-00-00-097",
    "status": "Comment Period Closed",
    "address": "540-00-00-097",
    "application_date": "2026-03-24",
    "collection_date": "2026-03-25",
    "url": "https://www.tompsc.com/DocumentCenter/View/54180/CCSD-Athletic-Improvements-to-Wando-High-SChool-Athletics-NOI",
    "updated_at": "2026-07-12 13:43:42"
   }
  },
  {
   "type": "Feature",
   "geometry": {
    "type": "Point",
    "coordinates": [
     -79.79559366316279,
     32.88963293016158
    ]
   },
   "properties": {
    "source": "stormwater",
    "project_id": "540-00-00-156_10_28_2024_C24-10-025",
    "name": "Park West Amenity Center Pickleball Courts",
    "description": "Stormwater construction project at 540-00-00-156",
    "status": "Comment Period Closed",
    "address": "540-00-00-156",
    "application_date": "2024-10-28",
    "collection_date": "2025-07-27",
    "url": "https://www.tompsc.com/DocumentCenter/View/49687/Park-West-pickleball-courts-NOI_d",
    "updated_at": "2026-07-12 13:43:42"
   }
  },
  {
   "type": "Feature",
   "geometry": {
    "type": "Point",
    "coordinates": [
     -79.81967558053809,
     32.897212710457715
    ]
   },
   "properties": {
    "source": "stormwater",
    "project_id": "540-00-00-229_08_27_2020_C20-06-025",
    "name": "Harris Teeter Fuel #131 - Rivertowne",
    "description": "Stormwater construction project at 540-00-00-229",
    "status": "Comment Period Closed",
    "address": "540-00-00-229",
    "application_date": "2020-08-27",
    "collection_date": "2025-07-27",
    "url": "https://www.tompsc.com/DocumentCenter/View/34639/Harris-Teeter-Fuel-131-NOI-Rivertowne",
    "updated_at": "2026-07-12 13:43:42"
   }
  },
  {
   "type": "Feature",
   "geometry": {
    "type": "Point",
    "coordinates": [
     -79.85581550267541,
     32.84469973870171
    ]
   },
   "properties": {
    "source": "stormwater",
    "project_id": "556-00-00-278_10_19_2023_C23-10-045",
    "name": "Belle Hall-The Point",
    "description": "Stormwater construction project at 556-00-00-278",
    "status": "Comment Period Closed",
    "address": "556-00-00-278",
    "application_date": "2023-10-19",
    "collection_date": "2025-07-27",
    "url": "https://www.tompsc.com/DocumentCenter/View/46539/Belle-Hall--The-Point-NOI_d",
    "updated_at": "2026-07-12 13:43:42"
   }
  },
  {
   "type": "Feature",
   "geometry": {
    "type": "Point",
    "coordinates": [
     -79.85581550267541,
     32.84469973870171
    ]
   },
   "properties": {
    "source": "stormwater",
    "project_id": "556-00-00-278_7_22_2024_C24-07-019",
    "name": "Fifth Third Bank - Belle Hall",
    "description": "Stormwater construction project at 556-00-00-278",
    "status": "Comment Period Closed",
    "address": "556-00-00-278",
    "application_date": "2024-07-22",
    "collection_date": "2025-07-27",
    "url": "https://www.tompsc.com/DocumentCenter/View/48939/Fifth-Third-Bank-Bell-Hall-NOI_d",
    "updated_at": "2026-07-12 13:43:42"
   }
  },
  {
   "type": "Feature",
   "geometry": {
    "type": "Point",
    "coordinates": [
     -79.85687760367098,
     32.84150774170115
    ]
   },
   "properties": {
    "source": "stormwater",
    "project_id": "556-00-00-294_12_4_2024_C24-12-030",
    "name": "LongPoint FSER",
    "description": "Stormwater construction project at 556-00-00-294",
    "status": "Comment Period Closed",
    "address": "556-00-00-294",
    "application_date": "2024-12-04",
    "collection_date": "2025-07-27",
    "url": "https://www.tompsc.com/DocumentCenter/View/49939/Longoint-FSER-NOI_d",
    "updated_at": "2026-07-12 13:43:42"
   }
  },
  {
   "type": "Feature",
   "geometry": {
    "type": "Point",
    "coordinates": [
     -79.85687760367098,
     32.84150774170115
    ]
   },
   "properties": {
    "source": "stormwater",
    "project_id": "556-00-00-294_5_2_2023_U23-05-017",
    "name": "Belle Pointe Sewer Extension",
    "description": "Stormwater construction project at 556-00-00-294",
    "status": "Comment Period Closed",
    "address": "556-00-00-294",
    "application_date": "2023-05-02",
    "collection_date": "2025-07-27",
    "url": "https://www.tompsc.com/DocumentCenter/View/45023/Belle-Pointe-Sewer-Extension-NOI_d",
    "updated_at": "2026-07-12 13:43:42"
   }
  },
  {
   "type": "Feature",
   "geometry": {
    "type": "Point",
    "coordinates": [
     -79.85463684051405,
     32.84683005735536
    ]
   },
   "properties": {
    "source": "stormwater",
    "project_id": "556-00-00-360_1_25_2023_C23-01-004",
    "name": "Belle Hall Elementary- Parking Expansion",
    "description": "Stormwater construction project at 556-00-00-360",
    "status": "Comment Period Closed",
    "address": "556-00-00-360",
    "application_date": "2023-01-25",
    "collection_date": "2025-07-27",
    "url": "https://www.tompsc.com/DocumentCenter/View/44054/Belle-Hall-Elementary-NOI",
    "updated_at": "2026-07-12 13:43:42"
   }
  },
  {
   "type": "Feature",
   "geometry": {
    "type": "Point",
    "coordinates": [
     -79.85561827172383,
     32.84187196454102
    ]
   },
   "properties": {
    "source": "stormwater",
    "project_id": "556-00-00-525__556-0_4_23_2024_C24-04-011",
    "name": "Chick-fil-A #3857 - Long Point Road",
    "description": "Stormwater construction project at 556-00-00-525; 556-00-00-278",
    "status": "Comment Period Closed",
    "address": "556-00-00-525; 556-00-00-278",
    "application_date": "2024-04-23",
    "collection_date": "2025-07-27",
    "url": "https://www.tompsc.com/DocumentCenter/View/48221/Chick-fil-a-longpoint-NOI_d",
    "updated_at": "2026-07-12 13:43:42"
   }
  },
  {
   "type": "Feature",
   "geometry": {
    "type": "Point",
    "coordinates": [
     -79.81556428362599,
     32.8379897224445
    ]
   },
   "properties": {
    "source": "stormwater",
    "project_id": "558-00-00-110__-561__05_14_2021_U20-06-035",
    "name": "Town of Mt. Pleasant Public Services Ops Center",
    "description": "Stormwater construction project at 558-00-00-110, -561, -355",
    "status": "Comment Period Closed",
    "address": "558-00-00-110, -561, -355",
    "application_date": "2021-05-14",
    "collection_date": "2025-07-27",
    "url": "https://www.tompsc.com/DocumentCenter/View/37664/TOMP-PSD-Ops-Center",
    "updated_at": "2026-07-12 13:43:42"
   }
  },
  {
   "type": "Feature",
   "geometry": {
    "type": "Point",
    "coordinates": [
     -79.81027638786401,
     32.840614275865285
    ]
   },
   "properties": {
    "source": "stormwater",
    "project_id": "558-00-00-137_443__5_1_17_2025_M25-01-001",
    "name": "Billy Swails Boulevard - 4B",
    "description": "Stormwater construction project at 558-00-00-137,443; 577-05-00-227,228,229; 578-00-00-005,006,014,057,064,065,066,244,298,299,300,339",
    "status": "Comment Period Closed",
    "address": "558-00-00-137,443; 577-05-00-227,228,229; 578-00-00-005,006,014,057,064,065,066,244,298,299,300,339",
    "application_date": "2025-01-17",
    "collection_date": "2025-07-27",
    "url": "https://www.tompsc.com/DocumentCenter/View/50243/Billy-Swails-Phase-4B-NOI-needs-signi",
    "updated_at": "2026-07-12 13:43:42"
   }
  },
  {
   "type": "Feature",
   "geometry": {
    "type": "Point",
    "coordinates": [
     -79.8150488055441,
     32.84330575725589
    ]
   },
   "properties": {
    "source": "stormwater",
    "project_id": "558-00-00-146_9_19_2023_C23-09-041",
    "name": "Floor & Decor",
    "description": "Stormwater construction project at 558-00-00-146",
    "status": "Comment Period Closed",
    "address": "558-00-00-146",
    "application_date": "2023-09-19",
    "collection_date": "2025-07-27",
    "url": "https://www.tompsc.com/DocumentCenter/View/46208/Floor-and-Decor-NOI-needs-edits",
    "updated_at": "2026-07-12 13:43:42"
   }
  },
  {
   "type": "Feature",
   "geometry": {
    "type": "Point",
    "coordinates": [
     -79.81840940755492,
     32.839354692340166
    ]
   },
   "properties": {
    "source": "stormwater",
    "project_id": "558-00-00-203_02_18_2021_C21-02-004",
    "name": "Baker Collections",
    "description": "Stormwater construction project at 558-00-00-203",
    "status": "Comment Period Closed",
    "address": "558-00-00-203",
    "application_date": "2021-02-18",
    "collection_date": "2025-07-27",
    "url": "https://www.tompsc.com/DocumentCenter/View/36513/Baker-Collection-NOI",
    "updated_at": "2026-07-12 13:43:42"
   }
  },
  {
   "type": "Feature",
   "geometry": {
    "type": "Point",
    "coordinates": [
     -79.81726603616086,
     32.84038751366998
    ]
   },
   "properties": {
    "source": "stormwater",
    "project_id": "558-00-00-204_1_24_2023_C23-01-002",
    "name": "Fifth Third Bank- Six Mile",
    "description": "Stormwater construction project at 558-00-00-204",
    "status": "Comment Period Closed",
    "address": "558-00-00-204",
    "application_date": "2023-01-24",
    "collection_date": "2025-07-27",
    "url": "https://www.tompsc.com/DocumentCenter/View/44029/Redacted-NOI",
    "updated_at": "2026-07-12 13:43:42"
   }
  },
  {
   "type": "Feature",
   "geometry": {
    "type": "Point",
    "coordinates": [
     -79.8157499979422,
     32.839357261917556
    ]
   },
   "properties": {
    "source": "stormwater",
    "project_id": "558-00-00-275_4_12_2023_C23-04-014",
    "name": "East Cooper Community Outreach",
    "description": "Stormwater construction project at 558-00-00-275",
    "status": "Comment Period Closed",
    "address": "558-00-00-275",
    "application_date": "2023-04-12",
    "collection_date": "2025-07-27",
    "url": "https://www.tompsc.com/DocumentCenter/View/44820/ECCO-NOI-signed_pn",
    "updated_at": "2026-07-12 13:43:42"
   }
  },
  {
   "type": "Feature",
   "geometry": {
    "type": "Point",
    "coordinates": [
     -79.83266149750828,
     32.82998296005485
    ]
   },
   "properties": {
    "source": "stormwater",
    "project_id": "558-00-00-394_7_30_25_C25-07-032",
    "name": "Mount Pleasant Towne Center Huntington bank",
    "description": "Stormwater construction project at 558-00-00-394",
    "status": "Comment Period Closed",
    "address": "558-00-00-394",
    "application_date": "2025-07-30",
    "collection_date": "2025-08-20",
    "url": "https://www.tompsc.com/DocumentCenter/View/51918/huntington-bank-town-center-NOI_d-redacted",
    "updated_at": "2026-07-12 13:43:42"
   }
  },
  {
   "type": "Feature",
   "geometry": {
    "type": "Point",
    "coordinates": [
     -79.81405509049065,
     32.842539788271075
    ]
   },
   "properties": {
    "source": "stormwater",
    "project_id": "558-00-00-927__558-0_11_23_2022_C22-10-040",
    "name": "Spinx Mt. Pleasant",
    "description": "Stormwater construction project at 558-00-00-927, 558-00-00-146",
    "status": "Comment Period Closed",
    "address": "558-00-00-927, 558-00-00-146",
    "application_date": "2022-11-23",
    "collection_date": "2025-07-27",
    "url": "https://www.tompsc.com/DocumentCenter/View/43432/Spinx-2233-Hwy17-Revised-NOI-no-EIN",
    "updated_at": "2026-07-12 13:43:42"
   }
  },
  {
   "type": "Feature",
   "geometry": {
    "type": "Point",
    "coordinates": [
     -79.83956591086445,
     32.825452497123145
    ]
   },
   "properties": {
    "source": "stormwater",
    "project_id": "558-01-00-077_07_08_2020_M20-07-043",
    "name": "Nantahala Townhomes",
    "description": "Stormwater construction project at 558-01-00-077",
    "status": "Comment Period Closed",
    "address": "558-01-00-077",
    "application_date": "2020-07-08",
    "collection_date": "2025-07-27",
    "url": "https://www.tompsc.com/DocumentCenter/View/34196/Nantahala-Twnhms-NOI",
    "updated_at": "2026-07-12 13:43:42"
   }
  },
  {
   "type": "Feature",
   "geometry": {
    "type": "Point",
    "coordinates": [
     -79.82562069885745,
     32.82456952698176
    ]
   },
   "properties": {
    "source": "stormwater",
    "project_id": "558-14-00-098_6_6_2022_C22-02-013",
    "name": "Hidden Lake Subdivision Pickleball Courts",
    "description": "Stormwater construction project at 558-14-00-098",
    "status": "Comment Period Closed",
    "address": "558-14-00-098",
    "application_date": "2022-06-06",
    "collection_date": "2025-07-27",
    "url": "https://www.tompsc.com/DocumentCenter/View/41908/Hidden-Lks-Pklebl-Crts-NOI-Signed",
    "updated_at": "2026-07-12 13:43:42"
   }
  },
  {
   "type": "Feature",
   "geometry": {
    "type": "Point",
    "coordinates": [
     -79.83847024873782,
     32.8182107424813
    ]
   },
   "properties": {
    "source": "stormwater",
    "project_id": "559-00-00-017_1_29_2025_C25-01-003",
    "name": "Gather Mount Pleasant",
    "description": "Stormwater construction project at 559-00-00-017",
    "status": "Comment Period Closed",
    "address": "559-00-00-017",
    "application_date": "2025-01-29",
    "collection_date": "2025-07-27",
    "url": "https://www.tompsc.com/DocumentCenter/View/50339/Gather-MTP-NOI_needs-edits",
    "updated_at": "2026-07-12 13:43:42"
   }
  },
  {
   "type": "Feature",
   "geometry": {
    "type": "Point",
    "coordinates": [
     -79.85268949034976,
     32.81821493552696
    ]
   },
   "properties": {
    "source": "stormwater",
    "project_id": "559-00-00-064_7_30_2025_C25-07-033",
    "name": "James B. Edwards Elementary School",
    "description": "Stormwater construction project at 559-00-00-064",
    "status": "Comment Period Closed",
    "address": "559-00-00-064",
    "application_date": "2025-07-30",
    "collection_date": "2025-08-20",
    "url": "https://www.tompsc.com/DocumentCenter/View/51920/JBE-elementary-NOI_-one-edit-needed_-redacted",
    "updated_at": "2026-07-12 13:43:42"
   }
  },
  {
   "type": "Feature",
   "geometry": {
    "type": "Point",
    "coordinates": [
     -79.85522026272984,
     32.81421175072085
    ]
   },
   "properties": {
    "source": "stormwater",
    "project_id": "559-00-00-070_2_8_2024_C24-02-004",
    "name": "Bowman Pointe",
    "description": "Stormwater construction project at 559-00-00-070",
    "status": "Comment Period Closed",
    "address": "559-00-00-070",
    "application_date": "2024-02-08",
    "collection_date": "2025-07-27",
    "url": "https://www.tompsc.com/DocumentCenter/View/47490/Bowman-Point-Bowman-Starbucks-NOI_d",
    "updated_at": "2026-07-12 13:43:42"
   }
  },
  {
   "type": "Feature",
   "geometry": {
    "type": "Point",
    "coordinates": [
     -79.85048874201259,
     32.818537860641484
    ]
   },
   "properties": {
    "source": "stormwater",
    "project_id": "559-00-00-071_10_25_2022_C22-10-043",
    "name": "East Cooper Medical Office Building Phase 2",
    "description": "Stormwater construction project at 559-00-00-071",
    "status": "Comment Period Closed",
    "address": "559-00-00-071",
    "application_date": "2022-10-25",
    "collection_date": "2025-07-27",
    "url": "https://www.tompsc.com/DocumentCenter/View/43183/ECMC-MOB-Phse-2-NOI",
    "updated_at": "2026-07-12 13:43:42"
   }
  },
  {
   "type": "Feature",
   "geometry": {
    "type": "Point",
    "coordinates": [
     -79.84792258958075,
     32.82432744973245
    ]
   },
   "properties": {
    "source": "stormwater",
    "project_id": "559-00-00-072__-073__09_23_2020_C20-08-059",
    "name": "Live to Play Campus Parking Lot Renovations",
    "description": "Stormwater construction project at 559-00-00-072, -073, -074",
    "status": "Comment Period Closed",
    "address": "559-00-00-072, -073, -074",
    "application_date": "2020-09-23",
    "collection_date": "2025-07-27",
    "url": "https://www.tompsc.com/DocumentCenter/View/34872/LTP-Parking-Lot-NOI-revised",
    "updated_at": "2026-07-12 13:43:42"
   }
  },
  {
   "type": "Feature",
   "geometry": {
    "type": "Point",
    "coordinates": [
     -79.84633443812434,
     32.8230270250151
    ]
   },
   "properties": {
    "source": "stormwater",
    "project_id": "559-00-00-073_11_25_2025_C25-11-045",
    "name": "LTP Tennis Academy - Indoor Court",
    "description": "Stormwater construction project at 559-00-00-073",
    "status": "Comment Period Closed",
    "address": "559-00-00-073",
    "application_date": "2025-11-25",
    "collection_date": "2025-11-26",
    "url": "https://www.tompsc.com/DocumentCenter/View/52934/LTP-Tennis-Academy-NOI_d",
    "updated_at": "2026-07-12 13:43:42"
   }
  },
  {
   "type": "Feature",
   "geometry": {
    "type": "Point",
    "coordinates": [
     -79.84803738003156,
     32.82453562579099
    ]
   },
   "properties": {
    "source": "stormwater",
    "project_id": "559-00-00-083_09_01_2020_C20-08-055",
    "name": "Lucy Beckham High School Tennis Courts",
    "description": "Stormwater construction project at 559-00-00-083",
    "status": "Comment Period Closed",
    "address": "559-00-00-083",
    "application_date": "2020-09-01",
    "collection_date": "2025-07-27",
    "url": "https://www.tompsc.com/DocumentCenter/View/34673/LBHS-Tennis-Courts-NOI",
    "updated_at": "2026-07-12 13:43:42"
   }
  },
  {
   "type": "Feature",
   "geometry": {
    "type": "Point",
    "coordinates": [
     -79.84711061198729,
     32.82693845474412
    ]
   },
   "properties": {
    "source": "stormwater",
    "project_id": "559-00-00-095_5_20_2022_M21-05-040",
    "name": "Lucy Beckham High School Baseball Field",
    "description": "Stormwater construction project at 559-00-00-095",
    "status": "Comment Period Closed",
    "address": "559-00-00-095",
    "application_date": "2022-05-20",
    "collection_date": "2025-07-27",
    "url": "https://www.tompsc.com/DocumentCenter/View/41804/LGB-Whipple-Rd-Baseball-Fields-NOI",
    "updated_at": "2026-07-12 13:43:42"
   }
  },
  {
   "type": "Feature",
   "geometry": {
    "type": "Point",
    "coordinates": [
     -79.83860572336128,
     32.818834427599924
    ]
   },
   "properties": {
    "source": "stormwater",
    "project_id": "559-00-00-171__172___6_25_2024_C24-06-017",
    "name": "Crooked Hammock",
    "description": "Stormwater construction project at 559-00-00-171; 172; 173; 538",
    "status": "Comment Period Closed",
    "address": "559-00-00-171; 172; 173; 538",
    "application_date": "2024-06-25",
    "collection_date": "2025-07-27",
    "url": "https://www.tompsc.com/DocumentCenter/View/48675/Crooked-Hammock-NOI_d",
    "updated_at": "2026-07-12 13:43:42"
   }
  },
  {
   "type": "Feature",
   "geometry": {
    "type": "Point",
    "coordinates": [
     -79.84181068715225,
     32.822343300951985
    ]
   },
   "properties": {
    "source": "stormwater",
    "project_id": "559-00-00-213_7_23_2026_C26-07-019",
    "name": "First Palmetto Expansion",
    "description": "Stormwater construction project at 559-00-00-213",
    "status": "Comment Period Open",
    "address": "559-00-00-213",
    "application_date": "2026-07-23",
    "collection_date": "2026-07-24",
    "url": "https://www.tompsc.com/DocumentCenter/View/55158/First-Palmetto-Bank-Expansion-NOI",
    "updated_at": "2026-07-24 08:27:57"
   }
  },
  {
   "type": "Feature",
   "geometry": {
    "type": "Point",
    "coordinates": [
     -79.85048874201259,
     32.818537860641484
    ]
   },
   "properties": {
    "source": "stormwater",
    "project_id": "559-00-00-520_3_5_2025_C25-03-008",
    "name": "East Cooper Medical Center Parking Lot Expansion",
    "description": "Stormwater construction project at 559-00-00-520",
    "status": "Comment Period Closed",
    "address": "559-00-00-520",
    "application_date": "2025-03-05",
    "collection_date": "2025-07-27",
    "url": "https://www.tompsc.com/DocumentCenter/View/50676/East-Cooper-Medical-Office-Building-Parking-Expansion-noi_f",
    "updated_at": "2026-07-12 13:43:42"
   }
  },
  {
   "type": "Feature",
   "geometry": {
    "type": "Point",
    "coordinates": [
     -79.83894888015078,
     32.81879338471486
    ]
   },
   "properties": {
    "source": "stormwater",
    "project_id": "559-00-00-531__590_11_29_2023_C23-11-052",
    "name": "Ethos Athletic Club",
    "description": "Stormwater construction project at 559-00-00-531, 590",
    "status": "Comment Period Closed",
    "address": "559-00-00-531, 590",
    "application_date": "2023-11-29",
    "collection_date": "2025-07-27",
    "url": "https://www.tompsc.com/DocumentCenter/View/46864/Ethos-Athletic-Club-NOI_needs-edits",
    "updated_at": "2026-07-12 13:43:42"
   }
  },
  {
   "type": "Feature",
   "geometry": {
    "type": "Point",
    "coordinates": [
     -79.84595020088167,
     32.832665242671844
    ]
   },
   "properties": {
    "source": "stormwater",
    "project_id": "559-04-00-103_2_5_2026_M26-01-003",
    "name": "Whipple Road Tennis",
    "description": "Stormwater construction project at 559-04-00-103",
    "status": "Comment Period Closed",
    "address": "559-04-00-103",
    "application_date": "2026-02-05",
    "collection_date": "2026-02-06",
    "url": "https://www.tompsc.com/DocumentCenter/View/53570/whipple-tennis-noi-_D",
    "updated_at": "2026-07-12 13:43:42"
   }
  },
  {
   "type": "Feature",
   "geometry": {
    "type": "Point",
    "coordinates": [
     -79.84776018427921,
     32.81547407915958
    ]
   },
   "properties": {
    "source": "stormwater",
    "project_id": "559-13-00-004_8_25_2023_C23-08-038",
    "name": "1434 Ira rd",
    "description": "Stormwater construction project at 559-13-00-004",
    "status": "Comment Period Closed",
    "address": "559-13-00-004",
    "application_date": "2023-08-25",
    "collection_date": "2025-07-27",
    "url": "https://www.tompsc.com/DocumentCenter/View/46005/1434-Ira-rd-NOI-D",
    "updated_at": "2026-07-12 13:43:42"
   }
  },
  {
   "type": "Feature",
   "geometry": {
    "type": "Point",
    "coordinates": [
     -79.85148330671242,
     32.811752597582895
    ]
   },
   "properties": {
    "source": "stormwater",
    "project_id": "559-13-00-030__-031__10_23_2020_C20-06-030",
    "name": "Bowman Place Final Phase",
    "description": "Stormwater construction project at 559-13-00-030, -031, -032, -033, -050",
    "status": "Comment Period Closed",
    "address": "559-13-00-030, -031, -032, -033, -050",
    "application_date": "2020-10-23",
    "collection_date": "2025-07-27",
    "url": "https://www.tompsc.com/DocumentCenter/View/35276/Bowman-Pl-Final-Ph-NOI",
    "updated_at": "2026-07-12 13:43:42"
   }
  },
  {
   "type": "Feature",
   "geometry": {
    "type": "Point",
    "coordinates": [
     -79.85171747340034,
     32.8117590105094
    ]
   },
   "properties": {
    "source": "stormwater",
    "project_id": "559-13-00-038__-041_03_29_2021_C21-03-012",
    "name": "Lidl - Mount Pleasant",
    "description": "Stormwater construction project at 559-13-00-038, -041",
    "status": "Comment Period Closed",
    "address": "559-13-00-038, -041",
    "application_date": "2021-03-29",
    "collection_date": "2025-07-27",
    "url": "https://www.tompsc.com/DocumentCenter/View/37007/Bowman-Place---LiDL-NOI",
    "updated_at": "2026-07-12 13:43:42"
   }
  },
  {
   "type": "Feature",
   "geometry": {
    "type": "Point",
    "coordinates": [
     -79.8513320887013,
     32.81304718638073
    ]
   },
   "properties": {
    "source": "stormwater",
    "project_id": "559-13-00-041_7_28_2025_C25-07-030",
    "name": "Bowman Outparcel 4",
    "description": "Stormwater construction project at 559-13-00-041",
    "status": "Comment Period Closed",
    "address": "559-13-00-041",
    "application_date": "2025-07-28",
    "collection_date": "2025-08-20",
    "url": "https://www.tompsc.com/DocumentCenter/View/51891/Bowman-Outparcel-Phase-4-NOI_d",
    "updated_at": "2026-07-12 13:43:42"
   }
  },
  {
   "type": "Feature",
   "geometry": {
    "type": "Point",
    "coordinates": [
     -79.83554808167251,
     32.81794634215411
    ]
   },
   "properties": {
    "source": "stormwater",
    "project_id": "560-00-00-043_11_21_2025_C25-11-043",
    "name": "Venning Outdoor Storage",
    "description": "Stormwater construction project at 560-00-00-043",
    "status": "Comment Period Closed",
    "address": "560-00-00-043",
    "application_date": "2025-11-21",
    "collection_date": "2025-11-22",
    "url": "https://www.tompsc.com/DocumentCenter/View/52853/vennning-storage-PN-noi",
    "updated_at": "2026-07-12 13:43:42"
   }
  },
  {
   "type": "Feature",
   "geometry": {
    "type": "Point",
    "coordinates": [
     -79.84685055079176,
     32.80791542831221
    ]
   },
   "properties": {
    "source": "stormwater",
    "project_id": "560-00-00-060_2_27_2025_C25-02-006",
    "name": "Mediterranean Shipping Company Parking Expansion",
    "description": "Stormwater construction project at 560-00-00-060",
    "status": "Comment Period Closed",
    "address": "560-00-00-060",
    "application_date": "2025-02-27",
    "collection_date": "2025-07-27",
    "url": "https://www.tompsc.com/DocumentCenter/View/50637/MSC-parking-expansion-NOI_F---redacted",
    "updated_at": "2026-07-12 13:43:42"
   }
  },
  {
   "type": "Feature",
   "geometry": {
    "type": "Point",
    "coordinates": [
     -79.84685055079176,
     32.80791542831221
    ]
   },
   "properties": {
    "source": "stormwater",
    "project_id": "560-00-00-060_4_25_2022_C22-04-016",
    "name": "Mediterranean Shipping Company Office",
    "description": "Stormwater construction project at 560-00-00-060",
    "status": "Comment Period Closed",
    "address": "560-00-00-060",
    "application_date": "2022-04-25",
    "collection_date": "2025-07-27",
    "url": "https://www.tompsc.com/DocumentCenter/View/41451/MSC-NOI_redacted",
    "updated_at": "2026-07-12 13:43:42"
   }
  },
  {
   "type": "Feature",
   "geometry": {
    "type": "Point",
    "coordinates": [
     -79.84926321921189,
     32.8067298275132
    ]
   },
   "properties": {
    "source": "stormwater",
    "project_id": "560-02-00-019_5_20_2026_C26-05-010",
    "name": "Community Pet Wellness",
    "description": "Stormwater construction project at 560-02-00-019",
    "status": "Comment Period Closed",
    "address": "560-02-00-019",
    "application_date": "2026-05-20",
    "collection_date": "2026-07-12",
    "url": "https://www.tompsc.com/DocumentCenter/View/54653/Community-Pet-Wellness-NOI_ePermitting",
    "updated_at": "2026-07-12 13:43:42"
   }
  },
  {
   "type": "Feature",
   "geometry": {
    "type": "Point",
    "coordinates": [
     -79.84358189742507,
     32.80419718937315
    ]
   },
   "properties": {
    "source": "stormwater",
    "project_id": "560-05-00-017_9_11_2023_C23-09-040",
    "name": "Kingston Place",
    "description": "Stormwater construction project at 560-05-00-017",
    "status": "Comment Period Closed",
    "address": "560-05-00-017",
    "application_date": "2023-09-11",
    "collection_date": "2025-07-27",
    "url": "https://www.tompsc.com/DocumentCenter/View/46133/Kingston-place-NOI",
    "updated_at": "2026-07-12 13:43:42"
   }
  },
  {
   "type": "Feature",
   "geometry": {
    "type": "Point",
    "coordinates": [
     -79.83276243371627,
     32.80968691183595
    ]
   },
   "properties": {
    "source": "stormwater",
    "project_id": "560-12-00-055__054_1_24_2024_C24-01-002",
    "name": "Traffic Loop Extension-Whitesides Elementary School",
    "description": "Stormwater construction project at 560-12-00-055, 054",
    "status": "Comment Period Closed",
    "address": "560-12-00-055, 054",
    "application_date": "2024-01-24",
    "collection_date": "2025-07-27",
    "url": "https://www.tompsc.com/DocumentCenter/View/47342/Whiteside-Elementary-Traffic-Loop-Extension-NOI_d",
    "updated_at": "2026-07-12 13:43:42"
   }
  },
  {
   "type": "Feature",
   "geometry": {
    "type": "Point",
    "coordinates": [
     -79.83102688585497,
     32.80470713029509
    ]
   },
   "properties": {
    "source": "stormwater",
    "project_id": "560-12-00-070_10_14_2022_R21-04-021",
    "name": "Hale Rd",
    "description": "Stormwater construction project at 560-12-00-070",
    "status": "Comment Period Closed",
    "address": "560-12-00-070",
    "application_date": "2022-10-14",
    "collection_date": "2025-07-27",
    "url": "https://www.tompsc.com/DocumentCenter/View/43085/Hale-rd-subdivision-NOI_not-final",
    "updated_at": "2026-07-12 13:43:42"
   }
  },
  {
   "type": "Feature",
   "geometry": {
    "type": "Point",
    "coordinates": [
     -79.80237177436416,
     32.8315209032773
    ]
   },
   "properties": {
    "source": "stormwater",
    "project_id": "561-00-00-051_08_14_2020_SF20-08-052",
    "name": "North Palmetto Fort",
    "description": "Stormwater construction project at 561-00-00-051",
    "status": "Comment Period Closed",
    "address": "561-00-00-051",
    "application_date": "2020-08-14",
    "collection_date": "2025-07-27",
    "url": "https://www.tompsc.com/DocumentCenter/View/34548/North-Palmetto-Fort-NOI",
    "updated_at": "2026-07-12 13:43:42"
   }
  },
  {
   "type": "Feature",
   "geometry": {
    "type": "Point",
    "coordinates": [
     -79.81556312311051,
     32.821567489251045
    ]
   },
   "properties": {
    "source": "stormwater",
    "project_id": "561-00-00-134_10_23_2025_C25-10-041",
    "name": "Construction Resources",
    "description": "Stormwater construction project at 561-00-00-134",
    "status": "Comment Period Closed",
    "address": "561-00-00-134",
    "application_date": "2025-10-23",
    "collection_date": "2025-10-24",
    "url": "https://www.tompsc.com/DocumentCenter/View/52606/Construction-resources-NOI_needs-edits",
    "updated_at": "2026-07-12 13:43:42"
   }
  },
  {
   "type": "Feature",
   "geometry": {
    "type": "Point",
    "coordinates": [
     -79.8169302039366,
     32.82069289671743
    ]
   },
   "properties": {
    "source": "stormwater",
    "project_id": "561-00-00-140_07_30_2020_C20-07-046",
    "name": "Long Grove Office",
    "description": "Stormwater construction project at 561-00-00-140",
    "status": "Comment Period Closed",
    "address": "561-00-00-140",
    "application_date": "2020-07-30",
    "collection_date": "2025-07-27",
    "url": "https://www.tompsc.com/DocumentCenter/View/34413/Long-Grove-Office-NOI",
    "updated_at": "2026-07-12 13:43:42"
   }
  },
  {
   "type": "Feature",
   "geometry": {
    "type": "Point",
    "coordinates": [
     -79.79315641424479,
     32.81952865214273
    ]
   },
   "properties": {
    "source": "stormwater",
    "project_id": "577-00-00-001_4_29_2022_R22-04-017",
    "name": "Liberty Hill Farm Phase 2B & 2C",
    "description": "Stormwater construction project at 577-00-00-001",
    "status": "Comment Period Closed",
    "address": "577-00-00-001",
    "application_date": "2022-04-29",
    "collection_date": "2025-07-27",
    "url": "https://www.tompsc.com/DocumentCenter/View/41523/LHF-2B-2C-NOI",
    "updated_at": "2026-07-12 13:43:42"
   }
  },
  {
   "type": "Feature",
   "geometry": {
    "type": "Point",
    "coordinates": [
     -79.79315641424479,
     32.81952865214273
    ]
   },
   "properties": {
    "source": "stormwater",
    "project_id": "577-00-00-001__577-0_08_03_2021_R21-07-053",
    "name": "Liberty Hill Farm Phase 2A",
    "description": "Stormwater construction project at 577-00-00-001, 577-00-00-317",
    "status": "Comment Period Closed",
    "address": "577-00-00-001, 577-00-00-317",
    "application_date": "2021-08-03",
    "collection_date": "2025-07-27",
    "url": "https://www.tompsc.com/DocumentCenter/View/38510/Lib-Hill-Ph-2A-NOI-missing-signature",
    "updated_at": "2026-07-12 13:43:42"
   }
  },
  {
   "type": "Feature",
   "geometry": {
    "type": "Point",
    "coordinates": [
     -79.79610173555253,
     32.84761808898262
    ]
   },
   "properties": {
    "source": "stormwater",
    "project_id": "578-00-00-057_060_06_2_8_2023_SF23-02-005",
    "name": "Willow Pond Subdivision",
    "description": "Stormwater construction project at 578-00-00-057,060,061,318,319",
    "status": "Comment Period Closed",
    "address": "578-00-00-057,060,061,318,319",
    "application_date": "2023-02-08",
    "collection_date": "2025-07-27",
    "url": "https://www.tompsc.com/DocumentCenter/View/44218/Willow-Pond-subdivision-NOI",
    "updated_at": "2026-07-12 13:43:42"
   }
  },
  {
   "type": "Feature",
   "geometry": {
    "type": "Point",
    "coordinates": [
     -79.79978915030519,
     32.83842327040371
    ]
   },
   "properties": {
    "source": "stormwater",
    "project_id": "578-00-00-065_04_01_2021_M21-03-020",
    "name": "US17 to Rifle Range Road Connector",
    "description": "Stormwater construction project at 578-00-00-065",
    "status": "Comment Period Closed",
    "address": "578-00-00-065",
    "application_date": "2021-04-01",
    "collection_date": "2025-07-27",
    "url": "https://www.tompsc.com/DocumentCenter/View/37093/RR-Connector-NOI",
    "updated_at": "2026-07-12 13:43:42"
   }
  },
  {
   "type": "Feature",
   "geometry": {
    "type": "Point",
    "coordinates": [
     -79.79978915030519,
     32.83842327040371
    ]
   },
   "properties": {
    "source": "stormwater",
    "project_id": "578-00-00-065_09_13_2021_M21-03-020",
    "name": "Hwy 17 to Rifle Range Rd Connector",
    "description": "Stormwater construction project at 578-00-00-065",
    "status": "Comment Period Closed",
    "address": "578-00-00-065",
    "application_date": "2021-09-13",
    "collection_date": "2025-07-27",
    "url": "https://www.tompsc.com/DocumentCenter/View/38952/RR-Connector-NOI-Revised",
    "updated_at": "2026-07-12 13:43:42"
   }
  },
  {
   "type": "Feature",
   "geometry": {
    "type": "Point",
    "coordinates": [
     -79.79978915030519,
     32.83842327040371
    ]
   },
   "properties": {
    "source": "stormwater",
    "project_id": "578-00-00-065_6_27_2023_M23-06-033",
    "name": "Mount Pleasant Way - Hamlin Trail Section",
    "description": "Stormwater construction project at 578-00-00-065",
    "status": "Comment Period Closed",
    "address": "578-00-00-065",
    "application_date": "2023-06-27",
    "collection_date": "2025-07-27",
    "url": "https://www.tompsc.com/DocumentCenter/View/45510/Mount-Pleasant-Way---Hamlin-Trail-Section-NOI",
    "updated_at": "2026-07-12 13:43:42"
   }
  },
  {
   "type": "Feature",
   "geometry": {
    "type": "Point",
    "coordinates": [
     -79.79978915030519,
     32.83842327040371
    ]
   },
   "properties": {
    "source": "stormwater",
    "project_id": "578-00-00-065__066_2_27_2025_M25-02-05",
    "name": "Rifle Range Road Park",
    "description": "Stormwater construction project at 578-00-00-065; 066",
    "status": "Comment Period Closed",
    "address": "578-00-00-065; 066",
    "application_date": "2025-02-27",
    "collection_date": "2025-07-27",
    "url": "https://www.tompsc.com/DocumentCenter/View/50636/Rifle-Range-Road-Park-noi_d",
    "updated_at": "2026-07-12 13:43:42"
   }
  },
  {
   "type": "Feature",
   "geometry": {
    "type": "Point",
    "coordinates": [
     -79.78159686798496,
     32.85684910627121
    ]
   },
   "properties": {
    "source": "stormwater",
    "project_id": "578-00-00-179__181___6_25_2024_C24-06-018",
    "name": "St. Peter's Church Expansion",
    "description": "Stormwater construction project at 578-00-00-179, 181, 182, 184, 198, 320",
    "status": "Comment Period Closed",
    "address": "578-00-00-179, 181, 182, 184, 198, 320",
    "application_date": "2024-06-25",
    "collection_date": "2025-07-27",
    "url": "https://www.tompsc.com/DocumentCenter/View/48682/St-Peters-Church-Expansion-NOI_f",
    "updated_at": "2026-07-12 13:43:42"
   }
  },
  {
   "type": "Feature",
   "geometry": {
    "type": "Point",
    "coordinates": [
     -79.80176029408935,
     32.868010185720834
    ]
   },
   "properties": {
    "source": "stormwater",
    "project_id": "580-03-00-032_9_8_2022_U22-09-032",
    "name": "MPW PS 31 Rehabilitation",
    "description": "Stormwater construction project at 580-03-00-032",
    "status": "Comment Period Closed",
    "address": "580-03-00-032",
    "application_date": "2022-09-08",
    "collection_date": "2025-07-27",
    "url": "https://www.tompsc.com/DocumentCenter/View/42763/MPW-ps-31-NOI-",
    "updated_at": "2026-07-12 13:43:42"
   }
  },
  {
   "type": "Feature",
   "geometry": {
    "type": "Point",
    "coordinates": [
     -79.81193016019603,
     32.84513189317001
    ]
   },
   "properties": {
    "source": "stormwater",
    "project_id": "580-14-00-003__004___3_21_2022_C21-08-059",
    "name": "Beacon Bank",
    "description": "Stormwater construction project at 580-14-00-003, 004, 005, 007",
    "status": "Comment Period Closed",
    "address": "580-14-00-003, 004, 005, 007",
    "application_date": "2022-03-21",
    "collection_date": "2025-07-27",
    "url": "https://www.tompsc.com/DocumentCenter/View/40997/Beacon-bank-NOI",
    "updated_at": "2026-07-12 13:43:42"
   }
  },
  {
   "type": "Feature",
   "geometry": {
    "type": "Point",
    "coordinates": [
     -79.80608408147236,
     32.8790825545585
    ]
   },
   "properties": {
    "source": "stormwater",
    "project_id": "583-00-00-312_8_26_2022_C22-08-029",
    "name": "Joe Rouse Road Business Center",
    "description": "Stormwater construction project at 583-00-00-312",
    "status": "Comment Period Closed",
    "address": "583-00-00-312",
    "application_date": "2022-08-26",
    "collection_date": "2025-07-27",
    "url": "https://www.tompsc.com/DocumentCenter/View/42610/JOE-ROUSE-ROAD-BUSINESS-CENTER-NOI",
    "updated_at": "2026-07-12 13:43:42"
   }
  },
  {
   "type": "Feature",
   "geometry": {
    "type": "Point",
    "coordinates": [
     -79.81848853377987,
     32.89529192368453
    ]
   },
   "properties": {
    "source": "stormwater",
    "project_id": "583-05-00-419_5_23_2023_C22-05-021",
    "name": "Rivertowne Daycare (Childcare Facility-Mt. Pleasant)",
    "description": "Stormwater construction project at 583-05-00-419",
    "status": "Comment Period Closed",
    "address": "583-05-00-419",
    "application_date": "2023-05-23",
    "collection_date": "2025-07-27",
    "url": "https://www.tompsc.com/DocumentCenter/View/45197/Rivertowne-daycare-NOI_d",
    "updated_at": "2026-07-12 13:43:42"
   }
  },
  {
   "type": "Feature",
   "geometry": {
    "type": "Point",
    "coordinates": [
     -79.82629660838445,
     32.89354347332335
    ]
   },
   "properties": {
    "source": "stormwater",
    "project_id": "583-10-00-002__583-0_9_13_2022_U22-09-037",
    "name": "MPW PS 110 Rehabilitation",
    "description": "Stormwater construction project at 583-10-00-002, 583-05-00-106",
    "status": "Comment Period Closed",
    "address": "583-10-00-002, 583-05-00-106",
    "application_date": "2022-09-13",
    "collection_date": "2025-07-27",
    "url": "https://www.tompsc.com/DocumentCenter/View/42795/MPW-PS-110-NOI",
    "updated_at": "2026-07-12 13:43:42"
   }
  },
  {
   "type": "Feature",
   "geometry": {
    "type": "Point",
    "coordinates": [
     -79.82389126671461,
     32.907352058105886
    ]
   },
   "properties": {
    "source": "stormwater",
    "project_id": "594-05-00-930_3_18_2025_C25-03-013",
    "name": "Come Back Shack - Highway 41",
    "description": "Stormwater construction project at 594-05-00-930",
    "status": "Comment Period Closed",
    "address": "594-05-00-930",
    "application_date": "2025-03-18",
    "collection_date": "2025-07-27",
    "url": "https://www.tompsc.com/DocumentCenter/View/50832/Comeback-Shack---HWY-41-NOI_f",
    "updated_at": "2026-07-12 13:43:42"
   }
  },
  {
   "type": "Feature",
   "geometry": {
    "type": "Point",
    "coordinates": [
     -79.81186168533051,
     32.90744557243886
    ]
   },
   "properties": {
    "source": "stormwater",
    "project_id": "594-06-00-008_540-00_9_12_2022_U22-09-036",
    "name": "MPW PS 104 Rehabilitation",
    "description": "Stormwater construction project at 594-06-00-008,540-00-00-039, 594-06-00-114",
    "status": "Comment Period Closed",
    "address": "594-06-00-008,540-00-00-039, 594-06-00-114",
    "application_date": "2022-09-12",
    "collection_date": "2025-07-27",
    "url": "https://www.tompsc.com/DocumentCenter/View/42793/MPW-PS-104-rehab-NOI",
    "updated_at": "2026-07-12 13:43:42"
   }
  },
  {
   "type": "Feature",
   "geometry": {
    "type": "Point",
    "coordinates": [
     -79.8064711981455,
     32.913223850363906
    ]
   },
   "properties": {
    "source": "stormwater",
    "project_id": "594-06-00-113__114___9_12_222_U22-09-035",
    "name": "MPW PS 103 Rehabilitation",
    "description": "Stormwater construction project at 594-06-00-113, 114, 072,",
    "status": "Comment Period Closed",
    "address": "594-06-00-113, 114, 072,",
    "application_date": "2025-07-27",
    "collection_date": "2025-07-27",
    "url": "https://www.tompsc.com/DocumentCenter/View/42792/MPW-ps-103-NOI",
    "updated_at": "2026-07-12 13:43:42"
   }
  },
  {
   "type": "Feature",
   "geometry": {
    "type": "Point",
    "coordinates": [
     -79.80702427022396,
     32.899976871557435
    ]
   },
   "properties": {
    "source": "stormwater",
    "project_id": "594-10-00-333_2_27_2025_C25-02-007",
    "name": "Dunes West Pickleball",
    "description": "Stormwater construction project at 594-10-00-333",
    "status": "Comment Period Closed",
    "address": "594-10-00-333",
    "application_date": "2025-02-27",
    "collection_date": "2025-07-27",
    "url": "https://www.tompsc.com/DocumentCenter/View/50642/Dunes-West-Pickleball-noi_d",
    "updated_at": "2026-07-12 13:43:42"
   }
  },
  {
   "type": "Feature",
   "geometry": {
    "type": "Point",
    "coordinates": [
     -79.80104401152506,
     32.885218274453614
    ]
   },
   "properties": {
    "source": "stormwater",
    "project_id": "594-16-00-256__583-0_9_13_2022_U22-09-038",
    "name": "MPW PS 129 Rehabilitation",
    "description": "Stormwater construction project at 594-16-00-256, 583-03-00-183",
    "status": "Comment Period Closed",
    "address": "594-16-00-256, 583-03-00-183",
    "application_date": "2022-09-13",
    "collection_date": "2025-07-27",
    "url": "https://www.tompsc.com/DocumentCenter/View/42796/MPW-PS-129-NOI",
    "updated_at": "2026-07-12 13:43:42"
   }
  },
  {
   "type": "Feature",
   "geometry": {
    "type": "Point",
    "coordinates": [
     -79.75265554031918,
     32.904662931006904
    ]
   },
   "properties": {
    "source": "stormwater",
    "project_id": "596-15-00-200__540-0_06_22_2020_SF20-06-029",
    "name": "Carolina Park Amenity Center",
    "description": "Stormwater construction project at 596-15-00-200, 540-00-00-022",
    "status": "Comment Period Closed",
    "address": "596-15-00-200, 540-00-00-022",
    "application_date": "2020-06-22",
    "collection_date": "2025-07-27",
    "url": "https://www.tompsc.com/DocumentCenter/View/34046/Carolina-Park-Amenity-Center-NOI",
    "updated_at": "2026-07-12 13:43:42"
   }
  },
  {
   "type": "Feature",
   "geometry": {
    "type": "Point",
    "coordinates": [
     -79.77269992515218,
     32.88085185230778
    ]
   },
   "properties": {
    "source": "stormwater",
    "project_id": "596-15-00-201_10_25_2022_C22-10-044",
    "name": "Nash Orthodontics- Carolina Park",
    "description": "Stormwater construction project at 596-15-00-201",
    "status": "Comment Period Closed",
    "address": "596-15-00-201",
    "application_date": "2022-10-25",
    "collection_date": "2025-07-27",
    "url": "https://www.tompsc.com/DocumentCenter/View/43187/Nash-orthodontics-CP-NOI",
    "updated_at": "2026-07-12 13:43:42"
   }
  },
  {
   "type": "Feature",
   "geometry": {
    "type": "Point",
    "coordinates": [
     -79.75529429400457,
     32.90803410390092
    ]
   },
   "properties": {
    "source": "stormwater",
    "project_id": "596-15-00-203_04_30_2021_R21-04-031",
    "name": "Carolina Park Phase F Dock Amenity",
    "description": "Stormwater construction project at 596-15-00-203",
    "status": "Comment Period Closed",
    "address": "596-15-00-203",
    "application_date": "2021-04-30",
    "collection_date": "2025-07-27",
    "url": "https://www.tompsc.com/DocumentCenter/View/37440/CP-Ph-F2-Dock-Amenity-NOI",
    "updated_at": "2026-07-12 13:43:42"
   }
  },
  {
   "type": "Feature",
   "geometry": {
    "type": "Point",
    "coordinates": [
     -79.75529429400457,
     32.90803410390092
    ]
   },
   "properties": {
    "source": "stormwater",
    "project_id": "596-15-00-203_08_11_2020_SF20-08-051",
    "name": "Carolina Park Phase F.2",
    "description": "Stormwater construction project at 596-15-00-203",
    "status": "Comment Period Closed",
    "address": "596-15-00-203",
    "application_date": "2020-08-11",
    "collection_date": "2025-07-27",
    "url": "https://www.tompsc.com/DocumentCenter/View/34515/7863-Carolina-Park-Phase-F2-NOI-Applications-Signed",
    "updated_at": "2026-07-12 13:43:42"
   }
  },
  {
   "type": "Feature",
   "geometry": {
    "type": "Point",
    "coordinates": [
     -79.77303434726669,
     32.882432106036
    ]
   },
   "properties": {
    "source": "stormwater",
    "project_id": "596-15-00-449_5_25_2023_C23-05-026",
    "name": "Carolina Park A5",
    "description": "Stormwater construction project at 596-15-00-449",
    "status": "Comment Period Closed",
    "address": "596-15-00-449",
    "application_date": "2023-05-25",
    "collection_date": "2025-07-27",
    "url": "https://www.tompsc.com/DocumentCenter/View/45228/Carolina-Park-A5-NOI_d1",
    "updated_at": "2026-07-12 13:43:42"
   }
  },
  {
   "type": "Feature",
   "geometry": {
    "type": "Point",
    "coordinates": [
     -79.77360112944909,
     32.89151535791144
    ]
   },
   "properties": {
    "source": "stormwater",
    "project_id": "596-15-00-699__700_6_5_2023_C23-06-028",
    "name": "Faison Luxury Storage",
    "description": "Stormwater construction project at 596-15-00-699, 700",
    "status": "Comment Period Closed",
    "address": "596-15-00-699, 700",
    "application_date": "2023-06-05",
    "collection_date": "2025-07-27",
    "url": "https://www.tompsc.com/DocumentCenter/View/45280/Faison-Luxury-Storage-NOI",
    "updated_at": "2026-07-12 13:43:42"
   }
  },
  {
   "type": "Feature",
   "geometry": {
    "type": "Point",
    "coordinates": [
     -79.76489770189532,
     32.88333559264952
    ]
   },
   "properties": {
    "source": "stormwater",
    "project_id": "596-15-00-842__540_0_11_17_2022_C22-10-042",
    "name": "Galeana CDR+J",
    "description": "Stormwater construction project at 596-15-00-842, 540,00-00-035",
    "status": "Comment Period Closed",
    "address": "596-15-00-842, 540,00-00-035",
    "application_date": "2022-11-17",
    "collection_date": "2025-07-27",
    "url": "https://www.tompsc.com/DocumentCenter/View/43383/Galeana-signed-NOI",
    "updated_at": "2026-07-12 13:43:42"
   }
  },
  {
   "type": "Feature",
   "geometry": {
    "type": "Point",
    "coordinates": [
     -79.77921482548884,
     32.87030040956259
    ]
   },
   "properties": {
    "source": "stormwater",
    "project_id": "598-00-00-007_12_2_2025_C25-12-047",
    "name": "The Church at Life Park Phase 4",
    "description": "Stormwater construction project at 598-00-00-007",
    "status": "Comment Period Closed",
    "address": "598-00-00-007",
    "application_date": "2025-12-02",
    "collection_date": "2025-12-03",
    "url": "https://www.tompsc.com/DocumentCenter/View/52965/church-at-life-park-phase-4-noi_d",
    "updated_at": "2026-07-12 13:43:42"
   }
  },
  {
   "type": "Feature",
   "geometry": {
    "type": "Point",
    "coordinates": [
     -79.7799299900272,
     32.869807234835406
    ]
   },
   "properties": {
    "source": "stormwater",
    "project_id": "598-00-00-008__010___2_25_2026_C26-02-004",
    "name": "Highway 17 N Village Commercial",
    "description": "Stormwater construction project at 598-00-00-008, 010, 011",
    "status": "Comment Period Closed",
    "address": "598-00-00-008, 010, 011",
    "application_date": "2026-02-25",
    "collection_date": "2026-02-26",
    "url": "https://www.tompsc.com/DocumentCenter/View/53879/NOI-HWY-17N-Village-Commercial_d",
    "updated_at": "2026-07-12 13:43:42"
   }
  },
  {
   "type": "Feature",
   "geometry": {
    "type": "Point",
    "coordinates": [
     -79.78126795157605,
     32.86888455488255
    ]
   },
   "properties": {
    "source": "stormwater",
    "project_id": "598-00-00-010_5_3_2023_C23-05-020",
    "name": "HWY 17 N Retail Village Phase 1",
    "description": "Stormwater construction project at 598-00-00-010",
    "status": "Comment Period Closed",
    "address": "598-00-00-010",
    "application_date": "2023-05-03",
    "collection_date": "2025-07-27",
    "url": "https://www.tompsc.com/DocumentCenter/View/45034/HWY17-N-Retail-Village-NOI_f",
    "updated_at": "2026-07-12 13:43:42"
   }
  },
  {
   "type": "Feature",
   "geometry": {
    "type": "Point",
    "coordinates": [
     -79.78392574678163,
     32.869111122790876
    ]
   },
   "properties": {
    "source": "stormwater",
    "project_id": "598-00-00-014__598-0_10_25_2023_R23-10-047",
    "name": "All American Boulevard Extension Phase 1",
    "description": "Stormwater construction project at 598-00-00-014, 598-00-00-015",
    "status": "Comment Period Closed",
    "address": "598-00-00-014, 598-00-00-015",
    "application_date": "2023-10-25",
    "collection_date": "2025-07-27",
    "url": "https://www.tompsc.com/DocumentCenter/View/46576/All-American-Blvd-extension-Phase1-NOI",
    "updated_at": "2026-07-12 13:43:42"
   }
  },
  {
   "type": "Feature",
   "geometry": {
    "type": "Point",
    "coordinates": [
     -79.782738878135,
     32.87751396896002
    ]
   },
   "properties": {
    "source": "stormwater",
    "project_id": "598-00-00-035_12_3_2021_C21-12-083",
    "name": "Charles Pinckney Elementary Drainage Improvements",
    "description": "Stormwater construction project at 598-00-00-035",
    "status": "Comment Period Closed",
    "address": "598-00-00-035",
    "application_date": "2021-12-03",
    "collection_date": "2025-07-27",
    "url": "https://www.tompsc.com/DocumentCenter/View/39775/Charles-Pinckney-ES-2021--NOI",
    "updated_at": "2026-07-12 13:43:42"
   }
  },
  {
   "type": "Feature",
   "geometry": {
    "type": "Point",
    "coordinates": [
     -79.782738878135,
     32.87751396896002
    ]
   },
   "properties": {
    "source": "stormwater",
    "project_id": "598-00-00-035_5_2_2023_M23-05-018",
    "name": "Baseball Field at Thomas Cario Blvd",
    "description": "Stormwater construction project at 598-00-00-035",
    "status": "Comment Period Closed",
    "address": "598-00-00-035",
    "application_date": "2023-05-02",
    "collection_date": "2025-07-27",
    "url": "https://www.tompsc.com/DocumentCenter/View/45027/Cario-Baseball-Field-NOI_d",
    "updated_at": "2026-07-12 13:43:42"
   }
  },
  {
   "type": "Feature",
   "geometry": {
    "type": "Point",
    "coordinates": [
     -79.7837994954009,
     32.88346951041718
    ]
   },
   "properties": {
    "source": "stormwater",
    "project_id": "598-00-00-045_1_13_2022_M22-01-005",
    "name": "Park West Pool House Renovation",
    "description": "Stormwater construction project at 598-00-00-045",
    "status": "Comment Period Closed",
    "address": "598-00-00-045",
    "application_date": "2022-01-13",
    "collection_date": "2025-07-27",
    "url": "https://www.tompsc.com/DocumentCenter/View/40156/Park-West-Pool-Reno-NOI",
    "updated_at": "2026-07-12 13:43:42"
   }
  },
  {
   "type": "Feature",
   "geometry": {
    "type": "Point",
    "coordinates": [
     -79.77822831129002,
     32.87293718480334
    ]
   },
   "properties": {
    "source": "stormwater",
    "project_id": "598-00-00-0473__404_1_29_2026_C26-01-001",
    "name": "Parker' Kitchen",
    "description": "Stormwater construction project at 598-00-00-0473, 404",
    "status": "Comment Period Closed",
    "address": "598-00-00-0473, 404",
    "application_date": "2026-01-29",
    "collection_date": "2026-01-30",
    "url": "https://www.tompsc.com/DocumentCenter/View/53476/parkers-kitchen-noi_f",
    "updated_at": "2026-07-12 13:43:42"
   }
  },
  {
   "type": "Feature",
   "geometry": {
    "type": "Point",
    "coordinates": [
     -79.77965672475138,
     32.87552245813243
    ]
   },
   "properties": {
    "source": "stormwater",
    "project_id": "598-00-00-071_6_17_2022_C22-06-024",
    "name": "Wando Family Dentistry",
    "description": "Stormwater construction project at 598-00-00-071",
    "status": "Comment Period Closed",
    "address": "598-00-00-071",
    "application_date": "2022-06-17",
    "collection_date": "2025-07-27",
    "url": "https://www.tompsc.com/DocumentCenter/View/42031/Wando-Lakes-Dentistry-redacted-NOI-Signed",
    "updated_at": "2026-07-12 13:43:42"
   }
  },
  {
   "type": "Feature",
   "geometry": {
    "type": "Point",
    "coordinates": [
     -79.77663497985176,
     32.880124794176716
    ]
   },
   "properties": {
    "source": "stormwater",
    "project_id": "598-00-00-342_02_19_2021_C21-02-003",
    "name": "Charleston ENT - Carolina Park",
    "description": "Stormwater construction project at 598-00-00-342",
    "status": "Comment Period Closed",
    "address": "598-00-00-342",
    "application_date": "2021-02-19",
    "collection_date": "2025-07-27",
    "url": "https://www.tompsc.com/DocumentCenter/View/36518/Charleston-ENT-NOI-revised",
    "updated_at": "2026-07-12 13:43:42"
   }
  },
  {
   "type": "Feature",
   "geometry": {
    "type": "Point",
    "coordinates": [
     -79.77680013513974,
     32.87197080371172
    ]
   },
   "properties": {
    "source": "stormwater",
    "project_id": "598-00-00-404_10_23_2025_C25-10-040",
    "name": "Zaxby's",
    "description": "Stormwater construction project at 598-00-00-404",
    "status": "Comment Period Closed",
    "address": "598-00-00-404",
    "application_date": "2025-10-23",
    "collection_date": "2025-10-24",
    "url": "https://www.tompsc.com/DocumentCenter/View/52605/zaxbys-noi",
    "updated_at": "2026-07-12 13:43:42"
   }
  },
  {
   "type": "Feature",
   "geometry": {
    "type": "Point",
    "coordinates": [
     -79.76263359886477,
     32.88195554063172
    ]
   },
   "properties": {
    "source": "stormwater",
    "project_id": "598-00-00-472_07_30_2020_C20-06-037",
    "name": "Palmetto Digestive",
    "description": "Stormwater construction project at 598-00-00-472",
    "status": "Comment Period Closed",
    "address": "598-00-00-472",
    "application_date": "2020-07-30",
    "collection_date": "2025-07-27",
    "url": "https://www.tompsc.com/DocumentCenter/View/34415/Palmetto-Digestive-NOI",
    "updated_at": "2026-07-12 13:43:42"
   }
  },
  {
   "type": "Feature",
   "geometry": {
    "type": "Point",
    "coordinates": [
     -79.77882285878925,
     32.87056077651685
    ]
   },
   "properties": {
    "source": "stormwater",
    "project_id": "598-00-00-473__598-0_4_12_2024_C24-04-010",
    "name": "George Browder Blvd. Office",
    "description": "Stormwater construction project at 598-00-00-473, 598-00-00-404",
    "status": "Comment Period Closed",
    "address": "598-00-00-473, 598-00-00-404",
    "application_date": "2024-04-12",
    "collection_date": "2025-07-27",
    "url": "https://www.tompsc.com/DocumentCenter/View/48148/George-Browder-NOI-4122024",
    "updated_at": "2026-07-12 13:43:42"
   }
  },
  {
   "type": "Feature",
   "geometry": {
    "type": "Point",
    "coordinates": [
     -79.76150943781582,
     32.88111256523026
    ]
   },
   "properties": {
    "source": "stormwater",
    "project_id": "598-00-00-475_12_11_2025_C25-12-049",
    "name": "BMC Mercedez-Benz at Carolina Park - Phase 1",
    "description": "Stormwater construction project at 598-00-00-475",
    "status": "Comment Period Closed",
    "address": "598-00-00-475",
    "application_date": "2025-12-11",
    "collection_date": "2025-12-12",
    "url": "https://www.tompsc.com/DocumentCenter/View/53092/BMC-Mercedes-Benz-at-Carolina-Park---Phase-NOI-submission",
    "updated_at": "2026-07-12 13:43:42"
   }
  },
  {
   "type": "Feature",
   "geometry": {
    "type": "Point",
    "coordinates": [
     -79.76150943781582,
     32.88111256523026
    ]
   },
   "properties": {
    "source": "stormwater",
    "project_id": "598-00-00-475_3_24_2026_C26-03-006",
    "name": "BMC Mercedes-Benz at Carolina Park - Phase 2",
    "description": "Stormwater construction project at 598-00-00-475",
    "status": "Comment Period Closed",
    "address": "598-00-00-475",
    "application_date": "2026-03-24",
    "collection_date": "2026-03-25",
    "url": "https://www.tompsc.com/DocumentCenter/View/54174/BMC-Mercedes-Benz-at-Carolina-Park---Phase-2-NOI",
    "updated_at": "2026-07-12 13:43:42"
   }
  },
  {
   "type": "Feature",
   "geometry": {
    "type": "Point",
    "coordinates": [
     -79.76218986056712,
     32.88295420530451
    ]
   },
   "properties": {
    "source": "stormwater",
    "project_id": "598-00-00-478_4_29_2025_C25-04-017",
    "name": "Valeo Health Club",
    "description": "Stormwater construction project at 598-00-00-478",
    "status": "Comment Period Closed",
    "address": "598-00-00-478",
    "application_date": "2025-04-29",
    "collection_date": "2025-07-27",
    "url": "https://www.tompsc.com/DocumentCenter/View/51161/Valeo-Health-Club-NOI_d",
    "updated_at": "2026-07-12 13:43:42"
   }
  },
  {
   "type": "Feature",
   "geometry": {
    "type": "Point",
    "coordinates": [
     -79.76437930477964,
     32.885748013947804
    ]
   },
   "properties": {
    "source": "stormwater",
    "project_id": "598-00-00-479_6_15_2026_C26-06-014",
    "name": "Cape Landing Phase 1",
    "description": "Stormwater construction project at 598-00-00-479",
    "status": "Comment Period Closed",
    "address": "598-00-00-479",
    "application_date": "2026-06-15",
    "collection_date": "2026-07-12",
    "url": "https://www.tompsc.com/DocumentCenter/View/54869/Cape-Landing-Phase-1-NOI-ePermitting",
    "updated_at": "2026-07-12 13:43:42"
   }
  },
  {
   "type": "Feature",
   "geometry": {
    "type": "Point",
    "coordinates": [
     -79.77676800460688,
     32.90250265213591
    ]
   },
   "properties": {
    "source": "stormwater",
    "project_id": "598-03-00-107_04_26_2021_C21-04-023",
    "name": "Carolina Park Sports Complex Phase 3",
    "description": "Stormwater construction project at 598-03-00-107",
    "status": "Comment Period Closed",
    "address": "598-03-00-107",
    "application_date": "2021-04-26",
    "collection_date": "2025-07-27",
    "url": "https://www.tompsc.com/DocumentCenter/View/37401/Pages-from-CP-Sports-Complex-NOI",
    "updated_at": "2026-07-12 13:43:42"
   }
  },
  {
   "type": "Feature",
   "geometry": {
    "type": "Point",
    "coordinates": [
     -79.77676800460688,
     32.90250265213591
    ]
   },
   "properties": {
    "source": "stormwater",
    "project_id": "598-03-00-107_10_25_2022_C22-10-045",
    "name": "Carolina Park Sports Complex Phase 4",
    "description": "Stormwater construction project at 598-03-00-107",
    "status": "Comment Period Closed",
    "address": "598-03-00-107",
    "application_date": "2022-10-25",
    "collection_date": "2025-07-27",
    "url": "https://www.tompsc.com/DocumentCenter/View/43192/CP-sports-complex-phase-4-NOI",
    "updated_at": "2026-07-12 13:43:42"
   }
  },
  {
   "type": "Feature",
   "geometry": {
    "type": "Point",
    "coordinates": [
     -79.76020765831997,
     32.88150617325514
    ]
   },
   "properties": {
    "source": "stormwater",
    "project_id": "598-03-00-108__109_8_29_2022_C22-08-030",
    "name": "Georgia Skin & Cancer Clinic",
    "description": "Stormwater construction project at 598-03-00-108, 109",
    "status": "Comment Period Closed",
    "address": "598-03-00-108, 109",
    "application_date": "2022-08-29",
    "collection_date": "2025-07-27",
    "url": "https://www.tompsc.com/DocumentCenter/View/42615/redacted-Georgia-skin-and-cancer-clinic-signed-NOI",
    "updated_at": "2026-07-12 13:43:42"
   }
  },
  {
   "type": "Feature",
   "geometry": {
    "type": "Point",
    "coordinates": [
     -79.7607699252851,
     32.88236448010307
    ]
   },
   "properties": {
    "source": "stormwater",
    "project_id": "598-03-00-110_8_25_2022_C22-04-019",
    "name": "Carolina Park CPC-14",
    "description": "Stormwater construction project at 598-03-00-110",
    "status": "Comment Period Closed",
    "address": "598-03-00-110",
    "application_date": "2022-08-25",
    "collection_date": "2025-07-27",
    "url": "https://www.tompsc.com/DocumentCenter/View/42599/CPC-14-signed-NOI_redacted",
    "updated_at": "2026-07-12 13:43:42"
   }
  },
  {
   "type": "Feature",
   "geometry": {
    "type": "Point",
    "coordinates": [
     -79.76477961894655,
     32.88804934045538
    ]
   },
   "properties": {
    "source": "stormwater",
    "project_id": "598-03-00-115__114_11_25_2025_C25-11-044",
    "name": "Kiddie Academy - Mount Pleasant",
    "description": "Stormwater construction project at 598-03-00-115, 114",
    "status": "Comment Period Closed",
    "address": "598-03-00-115, 114",
    "application_date": "2025-11-25",
    "collection_date": "2025-11-26",
    "url": "https://www.tompsc.com/DocumentCenter/View/52931/Kiddie-Academy---Mount-Pleasant-NOI_d",
    "updated_at": "2026-07-12 13:43:42"
   }
  },
  {
   "type": "Feature",
   "geometry": {
    "type": "Point",
    "coordinates": [
     -79.776597610391,
     32.887450232977066
    ]
   },
   "properties": {
    "source": "stormwater",
    "project_id": "598-03-00-342_11_24_2021_C21-11-081",
    "name": "The Pickle Jar",
    "description": "Stormwater construction project at 598-03-00-342",
    "status": "Comment Period Closed",
    "address": "598-03-00-342",
    "application_date": "2021-11-24",
    "collection_date": "2025-07-27",
    "url": "https://www.tompsc.com/DocumentCenter/View/39725/The-Pickle-Jar-NOI",
    "updated_at": "2026-07-12 13:43:42"
   }
  },
  {
   "type": "Feature",
   "geometry": {
    "type": "Point",
    "coordinates": [
     -79.77435427219388,
     32.884400100619764
    ]
   },
   "properties": {
    "source": "stormwater",
    "project_id": "598-03-00-342_7_23_2026_C26-07-018",
    "name": "Carolina Business Park Building 1 - Parking Modifications",
    "description": "Stormwater construction project at 598-03-00-342",
    "status": "Comment Period Open",
    "address": "598-03-00-342",
    "application_date": "2026-07-23",
    "collection_date": "2026-07-24",
    "url": "https://www.tompsc.com/DocumentCenter/View/55157/CP-Business-Park-Building-1---Parking-Mod-NOI_f",
    "updated_at": "2026-07-24 08:27:57"
   }
  },
  {
   "type": "Feature",
   "geometry": {
    "type": "Point",
    "coordinates": [
     -79.77136899916823,
     32.88014327172479
    ]
   },
   "properties": {
    "source": "stormwater",
    "project_id": "598-03-00-343_2_22_2023_C23-02-009",
    "name": "Carolina Park- CPI-7A",
    "description": "Stormwater construction project at 598-03-00-343",
    "status": "Comment Period Closed",
    "address": "598-03-00-343",
    "application_date": "2023-02-22",
    "collection_date": "2025-07-27",
    "url": "https://www.tompsc.com/DocumentCenter/View/44336/CP-CPI-7a-NOI",
    "updated_at": "2026-07-12 13:43:42"
   }
  },
  {
   "type": "Feature",
   "geometry": {
    "type": "Point",
    "coordinates": [
     -79.77136899916823,
     32.88014327172479
    ]
   },
   "properties": {
    "source": "stormwater",
    "project_id": "598-03-00-343_8_25_2022_C22-04-020",
    "name": "Carolina Park CPC-7",
    "description": "Stormwater construction project at 598-03-00-343",
    "status": "Comment Period Closed",
    "address": "598-03-00-343",
    "application_date": "2022-08-25",
    "collection_date": "2025-07-27",
    "url": "https://www.tompsc.com/DocumentCenter/View/42600/22-8-17-NOI---DRT",
    "updated_at": "2026-07-12 13:43:42"
   }
  },
  {
   "type": "Feature",
   "geometry": {
    "type": "Point",
    "coordinates": [
     -79.77222892747827,
     32.87742885571437
    ]
   },
   "properties": {
    "source": "stormwater",
    "project_id": "598-03-00-344_3_20_2023_C23-02-010",
    "name": "Waring Vision",
    "description": "Stormwater construction project at 598-03-00-344",
    "status": "Comment Period Closed",
    "address": "598-03-00-344",
    "application_date": "2023-03-20",
    "collection_date": "2025-07-27",
    "url": "https://www.tompsc.com/DocumentCenter/View/44622/waring-vision-NOI",
    "updated_at": "2026-07-12 13:43:42"
   }
  },
  {
   "type": "Feature",
   "geometry": {
    "type": "Point",
    "coordinates": [
     -79.77458552491863,
     32.880923546974934
    ]
   },
   "properties": {
    "source": "stormwater",
    "project_id": "598-03-00-347_7_24_2024_R24-07-020",
    "name": "Carolina Park Towns",
    "description": "Stormwater construction project at 598-03-00-347",
    "status": "Comment Period Closed",
    "address": "598-03-00-347",
    "application_date": "2024-07-24",
    "collection_date": "2025-07-27",
    "url": "https://www.tompsc.com/DocumentCenter/View/48954/Carolina-Park-Towns-NOI_d",
    "updated_at": "2026-07-12 13:43:42"
   }
  },
  {
   "type": "Feature",
   "geometry": {
    "type": "Point",
    "coordinates": [
     -79.76030026782806,
     32.89218579624684
    ]
   },
   "properties": {
    "source": "stormwater",
    "project_id": "598-03-00-713_5_23_2023_C23-05-025",
    "name": "Carolina Park Elementary Addition",
    "description": "Stormwater construction project at 598-03-00-713",
    "status": "Comment Period Closed",
    "address": "598-03-00-713",
    "application_date": "2023-05-23",
    "collection_date": "2025-07-27",
    "url": "https://www.tompsc.com/DocumentCenter/View/45200/Carolina-Park-Elementary-NOI",
    "updated_at": "2026-07-12 13:43:42"
   }
  },
  {
   "type": "Feature",
   "geometry": {
    "type": "Point",
    "coordinates": [
     -79.77235353134218,
     32.8961770100825
    ]
   },
   "properties": {
    "source": "stormwater",
    "project_id": "598-03-00-861_9_16_2022_M22-09-039",
    "name": "Oceanside Collegiate Academy Electrical and Water Line Improvements",
    "description": "Stormwater construction project at 598-03-00-861",
    "status": "Comment Period Closed",
    "address": "598-03-00-861",
    "application_date": "2022-09-16",
    "collection_date": "2025-07-27",
    "url": "https://www.tompsc.com/DocumentCenter/View/42816/signed-NOI",
    "updated_at": "2026-07-12 13:43:42"
   }
  },
  {
   "type": "Feature",
   "geometry": {
    "type": "Point",
    "coordinates": [
     -79.77235353134218,
     32.8961770100825
    ]
   },
   "properties": {
    "source": "stormwater",
    "project_id": "598-03-00-861_9_19_2023_C23-09-042",
    "name": "Oceanside Collegiate Academy Phase 2",
    "description": "Stormwater construction project at 598-03-00-861",
    "status": "Comment Period Closed",
    "address": "598-03-00-861",
    "application_date": "2023-09-19",
    "collection_date": "2025-07-27",
    "url": "https://www.tompsc.com/DocumentCenter/View/46212/Oceanside-Academy-Phase-2-NOI",
    "updated_at": "2026-07-12 13:43:42"
   }
  },
  {
   "type": "Feature",
   "geometry": {
    "type": "Point",
    "coordinates": [
     -79.77189004111446,
     32.87742221838432
    ]
   },
   "properties": {
    "source": "stormwater",
    "project_id": "598-03-00-862_12_4_2024_C24-12-030",
    "name": "Christ Church Anglican",
    "description": "Stormwater construction project at 598-03-00-862",
    "status": "Comment Period Closed",
    "address": "598-03-00-862",
    "application_date": "2024-12-04",
    "collection_date": "2025-07-27",
    "url": "https://www.tompsc.com/DocumentCenter/View/49938/Christ-Church-Anglican-NOI_f",
    "updated_at": "2026-07-12 13:43:42"
   }
  },
  {
   "type": "Feature",
   "geometry": {
    "type": "Point",
    "coordinates": [
     -79.77148846352051,
     32.881004372396525
    ]
   },
   "properties": {
    "source": "stormwater",
    "project_id": "598-03-00-935_11_29_22_C22-11-052",
    "name": "Valvoline Mount Pleasant",
    "description": "Stormwater construction project at 598-03-00-935",
    "status": "Comment Period Closed",
    "address": "598-03-00-935",
    "application_date": "2022-11-29",
    "collection_date": "2025-07-27",
    "url": "https://www.tompsc.com/DocumentCenter/View/43468/NOI-Valvoline",
    "updated_at": "2026-07-12 13:43:42"
   }
  },
  {
   "type": "Feature",
   "geometry": {
    "type": "Point",
    "coordinates": [
     -79.77435427219388,
     32.884400100619764
    ]
   },
   "properties": {
    "source": "stormwater",
    "project_id": "598-03-00-938__342_10_26_2022_C22-06-028",
    "name": "Carolina Business Park",
    "description": "Stormwater construction project at 598-03-00-938, 342",
    "status": "Comment Period Closed",
    "address": "598-03-00-938, 342",
    "application_date": "2022-10-26",
    "collection_date": "2025-07-27",
    "url": "https://www.tompsc.com/DocumentCenter/View/43202/Carolina-Business-park-signed-NOI-needs-edits",
    "updated_at": "2026-07-12 13:43:42"
   }
  },
  {
   "type": "Feature",
   "geometry": {
    "type": "Point",
    "coordinates": [
     -79.77285033884486,
     32.887233889843024
    ]
   },
   "properties": {
    "source": "stormwater",
    "project_id": "598-03-00-939_8_23_2022_C22-08-027",
    "name": "Extra Room Carolina Park",
    "description": "Stormwater construction project at 598-03-00-939",
    "status": "Comment Period Closed",
    "address": "598-03-00-939",
    "application_date": "2022-08-23",
    "collection_date": "2025-07-27",
    "url": "https://www.tompsc.com/DocumentCenter/View/42572/redacted-extra-room-NOI",
    "updated_at": "2026-07-12 13:43:42"
   }
  },
  {
   "type": "Feature",
   "geometry": {
    "type": "Point",
    "coordinates": [
     -79.77856776395267,
     32.8673542306433
    ]
   },
   "properties": {
    "source": "stormwater",
    "project_id": "600-00-00-024_1_25_2023_C22-11-049",
    "name": "Market at Oakland Parcel B",
    "description": "Stormwater construction project at 600-00-00-024",
    "status": "Comment Period Closed",
    "address": "600-00-00-024",
    "application_date": "2023-01-25",
    "collection_date": "2025-07-27",
    "url": "https://www.tompsc.com/DocumentCenter/View/44050/Market-at-Oakland-signed-NOI",
    "updated_at": "2026-07-12 13:43:42"
   }
  },
  {
   "type": "Feature",
   "geometry": {
    "type": "Point",
    "coordinates": [
     -79.78571993800337,
     32.86485081026493
    ]
   },
   "properties": {
    "source": "stormwater",
    "project_id": "600-00-00-0471_6_23_2025_C25-06-028",
    "name": "Walmart Store 4384 Expansion",
    "description": "Stormwater construction project at 600-00-00-0471",
    "status": "Comment Period Closed",
    "address": "600-00-00-0471",
    "application_date": "2025-06-23",
    "collection_date": "2025-07-27",
    "url": "https://www.tompsc.com/DocumentCenter/View/51611/Walmart-Expansion-NOI_needs-edits",
    "updated_at": "2026-07-12 13:43:42"
   }
  },
  {
   "type": "Feature",
   "geometry": {
    "type": "Point",
    "coordinates": [
     -79.78571434678202,
     32.861047085629586
    ]
   },
   "properties": {
    "source": "stormwater",
    "project_id": "600-00-00-055_11_29_2023_C23-11-054",
    "name": "Retail at the Market at Oakland",
    "description": "Stormwater construction project at 600-00-00-055",
    "status": "Comment Period Closed",
    "address": "600-00-00-055",
    "application_date": "2023-11-29",
    "collection_date": "2025-07-27",
    "url": "https://www.tompsc.com/DocumentCenter/View/46867/Market-at-Oakland-Phase-1-NOI_D",
    "updated_at": "2026-07-12 13:43:42"
   }
  },
  {
   "type": "Feature",
   "geometry": {
    "type": "Point",
    "coordinates": [
     -79.78494800476517,
     32.86078152185088
    ]
   },
   "properties": {
    "source": "stormwater",
    "project_id": "600-00-00-057__-047_07_30_2020_C20-07-048",
    "name": "Innovation Way Office Building",
    "description": "Stormwater construction project at 600-00-00-057, -047",
    "status": "Comment Period Closed",
    "address": "600-00-00-057, -047",
    "application_date": "2020-07-30",
    "collection_date": "2025-07-27",
    "url": "https://www.tompsc.com/DocumentCenter/View/34414/Innovation-Way-Office-Bldg-NOI",
    "updated_at": "2026-07-12 13:43:42"
   }
  },
  {
   "type": "Feature",
   "geometry": {
    "type": "Point",
    "coordinates": [
     -79.76269440743228,
     32.87848713277436
    ]
   },
   "properties": {
    "source": "stormwater",
    "project_id": "614-00-00-009_8_25_2025_U25-08-038",
    "name": "Deep Well No. 6 Replacement Project",
    "description": "Stormwater construction project at 614-00-00-009",
    "status": "Comment Period Closed",
    "address": "614-00-00-009",
    "application_date": "2025-08-25",
    "collection_date": "2025-10-04",
    "url": "https://www.tompsc.com/DocumentCenter/View/52128/MPW-Deep-well-6-replacement-NOI_needs-edits",
    "updated_at": "2026-07-12 13:43:42"
   }
  },
  {
   "type": "Feature",
   "geometry": {
    "type": "Point",
    "coordinates": [
     -79.75457347447922,
     32.88040365598991
    ]
   },
   "properties": {
    "source": "stormwater",
    "project_id": "614-01-00-096_2_5_2026_SF26-01-002",
    "name": "Tower Drive Subdivision",
    "description": "Stormwater construction project at 614-01-00-096",
    "status": "Comment Period Closed",
    "address": "614-01-00-096",
    "application_date": "2026-02-05",
    "collection_date": "2026-02-06",
    "url": "https://www.tompsc.com/DocumentCenter/View/53565/Tower-Drive-Subdivision-NOI",
    "updated_at": "2026-07-12 13:43:42"
   }
  },
  {
   "type": "Feature",
   "geometry": {
    "type": "Point",
    "coordinates": [
     -79.74649778488838,
     32.8879874067148
    ]
   },
   "properties": {
    "source": "stormwater",
    "project_id": "615-00-00-173_01_05_2021_C20-12-074",
    "name": "Highway 17 and Tupelo Forest 7-Eleven",
    "description": "Stormwater construction project at 615-00-00-173",
    "status": "Comment Period Closed",
    "address": "615-00-00-173",
    "application_date": "2021-01-05",
    "collection_date": "2025-07-27",
    "url": "https://www.tompsc.com/DocumentCenter/View/36073/7-11-Hwy-17-Tupelo-NOI",
    "updated_at": "2026-07-12 13:43:42"
   }
  },
  {
   "type": "Feature",
   "geometry": {
    "type": "Point",
    "coordinates": [
     -79.74649778488838,
     32.8879874067148
    ]
   },
   "properties": {
    "source": "stormwater",
    "project_id": "615-00-00-173_08_27_2020_C20-05-024",
    "name": "Hwy 17 and Tupelo Forest 7-Eleven",
    "description": "Stormwater construction project at 615-00-00-173",
    "status": "Comment Period Closed",
    "address": "615-00-00-173",
    "application_date": "2020-08-27",
    "collection_date": "2025-07-27",
    "url": "https://www.tompsc.com/DocumentCenter/View/34638/7-11-Hwy-17-and-Tupelo-Forest-NOI",
    "updated_at": "2026-07-12 13:43:42"
   }
  },
  {
   "type": "Feature",
   "geometry": {
    "type": "Point",
    "coordinates": [
     -79.74649778488838,
     32.8879874067148
    ]
   },
   "properties": {
    "source": "stormwater",
    "project_id": "615-00-00-173__375_5_22_2024_C24-05-012",
    "name": "Christian Brothers Automotive",
    "description": "Stormwater construction project at 615-00-00-173; 375",
    "status": "Comment Period Closed",
    "address": "615-00-00-173; 375",
    "application_date": "2024-05-22",
    "collection_date": "2025-07-27",
    "url": "https://www.tompsc.com/DocumentCenter/View/48442/Christian-Brothers-Auto-NOI_d",
    "updated_at": "2026-07-12 13:43:42"
   }
  },
  {
   "type": "Feature",
   "geometry": {
    "type": "Point",
    "coordinates": [
     -79.88245209263142,
     32.81123794156822
    ]
   },
   "properties": {
    "source": "stormwater",
    "project_id": "Mathis_Ferry_Road_ri_3_25_2024_M24-03-007",
    "name": "Mount Pleasant Way - Mathis Ferry Path",
    "description": "Stormwater construction project at Mathis Ferry Road right of way; Muirhead Road right of way; North Shelmore Blvd. right of way; 514-16-00-058; 514-12-00-184; 535-06-00-058",
    "status": "Comment Period Closed",
    "address": "Mathis Ferry Road right of way; Muirhead Road right of way; North Shelmore Blvd. right of way; 514-16-00-058; 514-12-00-184; 535-06-00-058",
    "application_date": "2024-03-25",
    "collection_date": "2025-07-27",
    "url": "https://www.tompsc.com/DocumentCenter/View/47940/Mount-Pleasant-Way-Mathis-Ferry-Path-NOI_d",
    "updated_at": "2026-07-12 13:43:42"
   }
  },
  {
   "type": "Feature",
   "geometry": {
    "type": "Point",
    "coordinates": [
     -79.83993512762221,
     32.8254706755915
    ]
   },
   "properties": {
    "source": "water",
    "project_id": "CEN0076",
    "name": "Nantahala Townhomes",
    "description": "Owner proposes to construct 5 townhomes.",
    "status": "Developer - Active - Closeout",
    "address": "",
    "application_date": "2020-03-12",
    "collection_date": "2025-07-27",
    "url": "https://pipes.mpwonline.com/pipes/Projects/projectsdevmanagement.php?projectid=5601",
    "updated_at": "2026-07-25 08:06:58"
   }
  },
  {
   "type": "Feature",
   "geometry": {
    "type": "Point",
    "coordinates": [
     -79.81688793785446,
     32.836639658082596
    ]
   },
   "properties": {
    "source": "water",
    "project_id": "CEN0084",
    "name": "Public Services Operations Center",
    "description": "Water and sewer infrastructure for 3 commercial facilities under 1 owner. Installation of 6\" water main, 8\" water main, fire hydrants, water services, FDC's, 6\" gravity sewer, 8\" gravity sewer, manholes, 4\" sewer services, oil/water separators, 2\" force main, and 2 grinder pump stations.  Relocation of existing 2\" force main 2 connections to existing sewer system 2 connections to existing water system",
    "status": "Developer - Active - Construction",
    "address": "",
    "application_date": "2021-01-26",
    "collection_date": "2025-07-27",
    "url": "https://pipes.mpwonline.com/pipes/Projects/projectsdevmanagement.php?projectid=5869",
    "updated_at": "2025-07-27 19:59:06"
   }
  },
  {
   "type": "Feature",
   "geometry": {
    "type": "Point",
    "coordinates": [
     -79.78168170048141,
     32.86981514731267
    ]
   },
   "properties": {
    "source": "water",
    "project_id": "CEN0092",
    "name": "Hwy 17 North Village Commercial",
    "description": "The site is an assemblage of parcels identified as TMS numbers 598-00-00-010, 598-00-00-011, 598-00-00-012, 598-00-00-018, 598-00-00-020, 598-00-00-059, 598-00-00-025, and 598-00-00-008. This is a proposed mixed-use commercial master planned development that will include 90,660 sq ft of general retail, restaurants, medical office uses, a luxury pet daycare/boarding facility, and a tennis and racquet club amenity center. Additionally, there will be 8 tennis courts and 14 pickleball courts.",
    "status": "Developer - Active - Design/Permit",
    "address": "",
    "application_date": "2022-02-15",
    "collection_date": "2025-10-04",
    "url": "https://pipes.mpwonline.com/pipes/Projects/projectsdevmanagement.php?projectid=6065",
    "updated_at": "2026-07-25 08:06:58"
   }
  },
  {
   "type": "Feature",
   "geometry": {
    "type": "Point",
    "coordinates": [
     -79.77492726582979,
     32.88445054726744
    ]
   },
   "properties": {
    "source": "water",
    "project_id": "CEN0094",
    "name": "Carolina Business Park",
    "description": "Industrial Facility in Carolina Park on Parcel A-5 and Residual Parcel A for a combined total of +/- 60.83 acres fronting on Faison Road in Mount Pleasant, SC",
    "status": "Developer - Active - Closeout",
    "address": "",
    "application_date": "2023-07-04",
    "collection_date": "2025-07-27",
    "url": "https://pipes.mpwonline.com/pipes/Projects/projectsdevmanagement.php?projectid=6115",
    "updated_at": "2025-07-27 19:59:06"
   }
  },
  {
   "type": "Feature",
   "geometry": {
    "type": "Point",
    "coordinates": [
     -79.77501483420036,
     32.89913022850085
    ]
   },
   "properties": {
    "source": "water",
    "project_id": "CEN0095",
    "name": "Carolina Park Sports Complex - Phase 3",
    "description": "Installation of 2 water service lines.",
    "status": "Developer - Active - Closeout",
    "address": "",
    "application_date": "2022-05-19",
    "collection_date": "2025-07-27",
    "url": "https://pipes.mpwonline.com/pipes/Projects/projectsdevmanagement.php?projectid=6121",
    "updated_at": "2025-07-27 19:59:06"
   }
  },
  {
   "type": "Feature",
   "geometry": {
    "type": "Point",
    "coordinates": [
     -79.77211395229536,
     32.88474786230886
    ]
   },
   "properties": {
    "source": "water",
    "project_id": "CEN0099",
    "name": "Carolina Business Park Water Extension - Offsite",
    "description": "The proposed industrial development is planned to consist of a +/-186,900 SF rear load building and a +/-181,440 SF rear load building with a shared truck court on the southern portion of the subject property, plus an additional +/-113,400 SF rear load building with a dedicated truck court on the northern portion of the subject property (approximately +/-481,740 total building SF).",
    "status": "Developer - Active - Closeout",
    "address": "",
    "application_date": "2022-09-20",
    "collection_date": "2025-07-27",
    "url": "https://pipes.mpwonline.com/pipes/Projects/projectsdevmanagement.php?projectid=6276",
    "updated_at": "2025-07-27 19:59:06"
   }
  },
  {
   "type": "Feature",
   "geometry": {
    "type": "Point",
    "coordinates": [
     -79.85710886640135,
     32.84251297299064
    ]
   },
   "properties": {
    "source": "water",
    "project_id": "CEN0100",
    "name": "Belle Point Dr. Sewer Extension",
    "description": "Developer proposes to construct a sewer extension to serve a future medical facility.",
    "status": "Developer - Active - Closeout",
    "address": "",
    "application_date": "2022-10-02",
    "collection_date": "2025-07-27",
    "url": "https://pipes.mpwonline.com/pipes/Projects/projectsdevmanagement.php?projectid=6283",
    "updated_at": "2026-07-25 08:06:58"
   }
  },
  {
   "type": "Feature",
   "geometry": {
    "type": "Point",
    "coordinates": [
     -79.85248522279802,
     32.8215966394981
    ]
   },
   "properties": {
    "source": "water",
    "project_id": "CEN0102",
    "name": "East Cooper Medical Center MOB Phase 2",
    "description": "The project consists of the construction of an approximate 40,000 SF medical office building and associated site infrastructure, including paved parking and utilities.  Connection to existing MPW domestic water main and existing sanitary sewer manhole.",
    "status": "Developer - Active - Design/Permit",
    "address": "",
    "application_date": "2022-10-23",
    "collection_date": "2025-07-27",
    "url": "https://pipes.mpwonline.com/pipes/Projects/projectsdevmanagement.php?projectid=6298",
    "updated_at": "2025-07-27 19:59:06"
   }
  },
  {
   "type": "Feature",
   "geometry": {
    "type": "Point",
    "coordinates": [
     -79.85910746705099,
     32.81070203394618
    ]
   },
   "properties": {
    "source": "water",
    "project_id": "CEN0104",
    "name": "Spartina Creek",
    "description": "Two new office buildings in an established office park (Clarity Lane), including 2 new domestic water services, 1 fire protection sprinkler service, 1 irrigation service and a single sanitary sewer service connection to an existing 2\" forcemain that is stubbed to this property for this development.",
    "status": "Developer - Active - Construction",
    "address": "",
    "application_date": "2022-11-16",
    "collection_date": "2025-07-27",
    "url": "https://pipes.mpwonline.com/pipes/Projects/projectsdevmanagement.php?projectid=6323",
    "updated_at": "2025-07-27 19:59:06"
   }
  },
  {
   "type": "Feature",
   "geometry": {
    "type": "Point",
    "coordinates": [
     -79.77338330748697,
     32.87710977831068
    ]
   },
   "properties": {
    "source": "water",
    "project_id": "CEN0106",
    "name": "Waring Vision",
    "description": "Clearing, grading, and associated infrastructure for a building, parking lot, and two drainage ponds",
    "status": "Developer - Active - Design/Permit",
    "address": "",
    "application_date": "2023-03-16",
    "collection_date": "2025-07-27",
    "url": "https://pipes.mpwonline.com/pipes/Projects/projectsdevmanagement.php?projectid=6384",
    "updated_at": "2026-07-25 08:06:58"
   }
  },
  {
   "type": "Feature",
   "geometry": {
    "type": "Point",
    "coordinates": [
     -79.77823236434311,
     32.87164652832637
    ]
   },
   "properties": {
    "source": "water",
    "project_id": "CEN0109",
    "name": "George Browder Blvd. Office ",
    "description": "new office building complex +/- 79,200 sf",
    "status": "Developer - Active - Design/Permit",
    "address": "",
    "application_date": "2023-05-15",
    "collection_date": "2025-07-27",
    "url": "https://pipes.mpwonline.com/pipes/Projects/projectsdevmanagement.php?projectid=6416",
    "updated_at": "2025-07-27 19:59:06"
   }
  },
  {
   "type": "Feature",
   "geometry": {
    "type": "Point",
    "coordinates": [
     -79.7460096740109,
     32.88733744186397
    ]
   },
   "properties": {
    "source": "water",
    "project_id": "CEN0110",
    "name": "Christian Brothers Automotive ",
    "description": "Proposed car service, maintenance repair facility at the above TMS 615-00-00-173.  Water and sewer services for the future site.",
    "status": "Developer - Active - Construction",
    "address": "",
    "application_date": "2023-05-29",
    "collection_date": "2025-07-27",
    "url": "https://pipes.mpwonline.com/pipes/Projects/projectsdevmanagement.php?projectid=6439",
    "updated_at": "2026-07-25 08:06:58"
   }
  },
  {
   "type": "Feature",
   "geometry": {
    "type": "Point",
    "coordinates": [
     -79.77419854911184,
     32.89138693205099
    ]
   },
   "properties": {
    "source": "water",
    "project_id": "CEN0111",
    "name": "The Vault (aka Faison Luxury Storage)",
    "description": "Proposed individually owned storage units (2 buildings/29 units) and one office.",
    "status": "Developer - Active - Closeout",
    "address": "",
    "application_date": "2023-07-10",
    "collection_date": "2025-07-27",
    "url": "https://pipes.mpwonline.com/pipes/Projects/projectsdevmanagement.php?projectid=6508",
    "updated_at": "2025-07-27 19:59:06"
   }
  },
  {
   "type": "Feature",
   "geometry": {
    "type": "Point",
    "coordinates": [
     -79.7758177232786,
     32.89540150787758
    ]
   },
   "properties": {
    "source": "water",
    "project_id": "CEN0112",
    "name": "Oceanside Collegiate Academy Phase II Improvements",
    "description": "Oceanside Collegiate Academy proposes to add a new gym facility to their campus located on Faison Road in the Town of Mount Pleasant. The new addition requires water and sewer services to connect along the right of way of Faison Road.  The school proposes to construct a new 1,000 LF watermain extension, four new manholes, and a new 900 LF sewer main extension along the Faison Road. Both mains will connect to existing systems located at the intersection of Faison Road and Ben Marino Way.",
    "status": "Developer - Active - Closeout",
    "address": "",
    "application_date": "2023-07-25",
    "collection_date": "2025-07-27",
    "url": "https://pipes.mpwonline.com/pipes/Projects/projectsdevmanagement.php?projectid=6524",
    "updated_at": "2026-07-15 08:11:08"
   }
  },
  {
   "type": "Feature",
   "geometry": {
    "type": "Point",
    "coordinates": [
     -79.81385305476238,
     32.841531025840325
    ]
   },
   "properties": {
    "source": "water",
    "project_id": "CEN0113",
    "name": "Floor & Decor",
    "description": "Constructing a ~65,000 sf commercial retailer (Floor & Decor) on the vacant lot behind the current Spinx development located at 2233 N Hwy 17, Mt Pleasant, SC 29466. ",
    "status": "Developer - Active - Construction",
    "address": "",
    "application_date": "2023-09-10",
    "collection_date": "2025-07-27",
    "url": "https://pipes.mpwonline.com/pipes/Projects/projectsdevmanagement.php?projectid=6549",
    "updated_at": "2025-07-27 19:59:06"
   }
  },
  {
   "type": "Feature",
   "geometry": {
    "type": "Point",
    "coordinates": [
     -79.90334496229639,
     32.79015334678567
    ]
   },
   "properties": {
    "source": "water",
    "project_id": "CEN0115",
    "name": "Patriots Annex Infrastructure",
    "description": "The Patriots Annex development is intended to be a mixed-use development consisting of office, retail, restaurant, hotel, conference, museum, and public plazas. The overall development master plan has been approved by Mount Pleasant DRB/DRT and the infrastructure has been approved by Mount Pleasant DRB.",
    "status": "Developer - Active - Design/Permit",
    "address": "",
    "application_date": "2025-07-27",
    "collection_date": "2025-07-27",
    "url": "https://pipes.mpwonline.com/pipes/Projects/projectsdevmanagement.php?projectid=6613",
    "updated_at": "2026-07-25 08:06:58"
   }
  },
  {
   "type": "Feature",
   "geometry": {
    "type": "Point",
    "coordinates": [
     -79.90676413090155,
     32.79177824448856
    ]
   },
   "properties": {
    "source": "water",
    "project_id": "CEN0116",
    "name": "Seafair Village",
    "description": "Seafair Village is within the Patriots Annex development and will consist of the Seafair Village hotel and cottages, stormwater and utility infrastructure, a pad ready outparcel for future development, and a great lawn.",
    "status": "Developer - Active - Design/Permit",
    "address": "",
    "application_date": "2025-07-27",
    "collection_date": "2025-07-27",
    "url": "https://pipes.mpwonline.com/pipes/Projects/projectsdevmanagement.php?projectid=6614",
    "updated_at": "2026-07-25 08:06:58"
   }
  },
  {
   "type": "Feature",
   "geometry": {
    "type": "Point",
    "coordinates": [
     -79.89817612093319,
     32.805007102549276
    ]
   },
   "properties": {
    "source": "water",
    "project_id": "CEN0118",
    "name": "The Sullivan at Wingo Way",
    "description": "An 8 unit condo building, pool, and associated parking and infrastructure.",
    "status": "Developer - Active - Review",
    "address": "",
    "application_date": "2025-07-27",
    "collection_date": "2025-07-27",
    "url": "https://pipes.mpwonline.com/pipes/Projects/projectsdevmanagement.php?projectid=6621",
    "updated_at": "2025-07-27 19:59:06"
   }
  },
  {
   "type": "Feature",
   "geometry": {
    "type": "Point",
    "coordinates": [
     -79.85614120129517,
     32.81386475632405
    ]
   },
   "properties": {
    "source": "water",
    "project_id": "CEN0119",
    "name": "Bowman Pointe",
    "description": "New 6,000 sq. ft. wood framed shopping center with Starbucks end-cap",
    "status": "Developer - Active - Closeout",
    "address": "",
    "application_date": "2024-04-15",
    "collection_date": "2025-07-27",
    "url": "https://pipes.mpwonline.com/pipes/Projects/projectsdevmanagement.php?projectid=6680",
    "updated_at": "2025-07-27 19:59:06"
   }
  },
  {
   "type": "Feature",
   "geometry": {
    "type": "Point",
    "coordinates": [
     -79.72528386404433,
     32.904984226159364
    ]
   },
   "properties": {
    "source": "water",
    "project_id": "CEN0120",
    "name": "JFR Warehouse",
    "description": "Installation of sewer service for existing storage building with a sanitary sewer grinder pump station connection to sewer main. Installation of sewer service for proposed storage building with a sanitary sewer grinder pump station connection to sewer main. Installation of one water service for proposed storage building connecting to existing water main.",
    "status": "Developer - Active - Design/Permit",
    "address": "",
    "application_date": "2024-04-26",
    "collection_date": "2025-07-27",
    "url": "https://pipes.mpwonline.com/pipes/Projects/projectsdevmanagement.php?projectid=6687",
    "updated_at": "2026-07-25 08:06:58"
   }
  },
  {
   "type": "Feature",
   "geometry": {
    "type": "Point",
    "coordinates": [
     -79.85710886640135,
     32.84251297299064
    ]
   },
   "properties": {
    "source": "water",
    "project_id": "CEN0121",
    "name": "Long Point FSER",
    "description": "Proposed work consists of construction of a +/-11,000 free-standing emergency room building. Will require a 2\" domestic meter & 2.5\" domestic water service line, 6\" fire line and fire hydrant, and 6\" sanitary sewer service. Currently in preliminary design/due diligence phase and requesting water & sewer will-serve letters.",
    "status": "Developer - Active - Closeout",
    "address": "",
    "application_date": "2024-05-16",
    "collection_date": "2025-07-27",
    "url": "https://pipes.mpwonline.com/pipes/Projects/projectsdevmanagement.php?projectid=6688",
    "updated_at": "2026-07-25 08:06:58"
   }
  },
  {
   "type": "Feature",
   "geometry": {
    "type": "Point",
    "coordinates": [
     -79.89031942023209,
     32.805763381194495
    ]
   },
   "properties": {
    "source": "water",
    "project_id": "CEN0123",
    "name": "Mt Pleasant Health Pavilion MOB",
    "description": "+/- 60,000 Sf Medical Office Building",
    "status": "Developer - Active - Construction",
    "address": "",
    "application_date": "2024-07-19",
    "collection_date": "2025-07-27",
    "url": "https://pipes.mpwonline.com/pipes/Projects/projectsdevmanagement.php?projectid=6697",
    "updated_at": "2026-07-25 08:06:58"
   }
  },
  {
   "type": "Feature",
   "geometry": {
    "type": "Point",
    "coordinates": [
     -79.78262704907638,
     32.856028856718986
    ]
   },
   "properties": {
    "source": "water",
    "project_id": "CEN0125",
    "name": "St. Peter's Church Expansion",
    "description": "SeamonWhiteside is the applicant on behalf of St. Peter's Church",
    "status": "Developer - Active - Construction",
    "address": "",
    "application_date": "2024-07-15",
    "collection_date": "2025-07-27",
    "url": "https://pipes.mpwonline.com/pipes/Projects/projectsdevmanagement.php?projectid=6770",
    "updated_at": "2026-07-25 08:06:58"
   }
  },
  {
   "type": "Feature",
   "geometry": {
    "type": "Point",
    "coordinates": [
     -79.8380252192263,
     32.81894923120148
    ]
   },
   "properties": {
    "source": "water",
    "project_id": "CEN0126",
    "name": "Crooked Hammock",
    "description": "Proposed brewery development to include water extension.",
    "status": "Developer - Active - Construction",
    "address": "",
    "application_date": "2024-08-09",
    "collection_date": "2025-07-27",
    "url": "https://pipes.mpwonline.com/pipes/Projects/projectsdevmanagement.php?projectid=6785",
    "updated_at": "2026-07-25 08:06:58"
   }
  },
  {
   "type": "Feature",
   "geometry": {
    "type": "Point",
    "coordinates": [
     -79.77222835234718,
     32.87912695905657
    ]
   },
   "properties": {
    "source": "water",
    "project_id": "CEN0127",
    "name": "Christ Church Anglican",
    "description": "This project site is located off of Faison Rd, in the Town of Mount Pleasant and includes TMS#598-03-00-862, owned by Christ Church Anglican. Proposed development will consist of a church building with a +/- 27,000 sf footprint with a new water main extension that will tap off of the existing 16\" main on Faison Rd. in order for the church building to be serviced with domestic and fire, as well as a grease trap and sewer services to service the church that will tap off the existing 8\" sewer main.",
    "status": "Developer - Active - Construction",
    "address": "",
    "application_date": "2024-10-03",
    "collection_date": "2025-07-27",
    "url": "https://pipes.mpwonline.com/pipes/Projects/projectsdevmanagement.php?projectid=6811",
    "updated_at": "2026-07-25 08:06:58"
   }
  },
  {
   "type": "Feature",
   "geometry": {
    "type": "Point",
    "coordinates": [
     -79.77887250936006,
     32.87112971928576
    ]
   },
   "properties": {
    "source": "water",
    "project_id": "CEN0128",
    "name": "Parker's Kitchen (HWY 17N & George Browder Blvd)",
    "description": "The existing parcel is to be subdivided; subject site will be ~2.3-acres and located directly adjacent to the George Browder Blvd ROW. ",
    "status": "Developer - Active - Review",
    "address": "",
    "application_date": "2024-10-18",
    "collection_date": "2025-07-27",
    "url": "https://pipes.mpwonline.com/pipes/Projects/projectsdevmanagement.php?projectid=6834",
    "updated_at": "2025-07-27 19:59:06"
   }
  },
  {
   "type": "Feature",
   "geometry": {
    "type": "Point",
    "coordinates": [
     -79.77880209724468,
     32.8710432987681
    ]
   },
   "properties": {
    "source": "water",
    "project_id": "CEN0129",
    "name": "All American and George Browder Development",
    "description": "This parcel is bing subdivided. The portion we are purchasing is approx. 1.28 acres",
    "status": "Developer - Active - Review",
    "address": "",
    "application_date": "2025-01-28",
    "collection_date": "2025-07-27",
    "url": "https://pipes.mpwonline.com/pipes/Projects/projectsdevmanagement.php?projectid=6893",
    "updated_at": "2025-07-27 19:59:06"
   }
  },
  {
   "type": "Feature",
   "geometry": {
    "type": "Point",
    "coordinates": [
     -79.74363268021676,
     32.890196198944935
    ]
   },
   "properties": {
    "source": "water",
    "project_id": "CEN0130",
    "name": "Tupelo Village - Infrastructure",
    "description": "Mount Pleasant Waterworks developer project — 42.1 acres",
    "status": "Developer - Active - Design/Permit",
    "address": "",
    "application_date": "2025-02-12",
    "collection_date": "2025-07-27",
    "url": "https://pipes.mpwonline.com/pipes/Projects/projectsdevmanagement.php?projectid=6901",
    "updated_at": "2026-07-25 08:06:58"
   }
  },
  {
   "type": "Feature",
   "geometry": {
    "type": "Point",
    "coordinates": [
     -79.85730531214796,
     32.80169865277489
    ]
   },
   "properties": {
    "source": "water",
    "project_id": "CEN0131",
    "name": "Sweetgrass Psychiatry",
    "description": "Mount Pleasant Waterworks developer project — 2.8 acres",
    "status": "Developer - Active - Closeout",
    "address": "",
    "application_date": "2025-03-04",
    "collection_date": "2025-07-27",
    "url": "https://pipes.mpwonline.com/pipes/Projects/projectsdevmanagement.php?projectid=6915",
    "updated_at": "2026-07-25 08:06:58"
   }
  },
  {
   "type": "Feature",
   "geometry": {
    "type": "Point",
    "coordinates": [
     -79.83916869077952,
     32.81766635509701
    ]
   },
   "properties": {
    "source": "water",
    "project_id": "CEN0132",
    "name": "Gather Mount Pleasant",
    "description": "A proposed commercial development consisting of a mixed use food hall with retail and office space, including a sewer and water main extension.",
    "status": "Developer - Active - Construction",
    "address": "",
    "application_date": "2025-06-10",
    "collection_date": "2025-07-27",
    "url": "https://pipes.mpwonline.com/pipes/Projects/projectsdevmanagement.php?projectid=7029",
    "updated_at": "2026-07-25 08:06:58"
   }
  },
  {
   "type": "Feature",
   "geometry": {
    "type": "Point",
    "coordinates": [
     -79.89535243947653,
     32.801788627015554
    ]
   },
   "properties": {
    "source": "water",
    "project_id": "CEN0133",
    "name": "Drury Plaza Hotel",
    "description": "Mount Pleasant Waterworks developer project — 2.8 acres",
    "status": "Developer - Active - Design/Permit",
    "address": "",
    "application_date": "2025-07-08",
    "collection_date": "2025-07-27",
    "url": "https://pipes.mpwonline.com/pipes/Projects/projectsdevmanagement.php?projectid=7076",
    "updated_at": "2026-07-25 08:06:58"
   }
  },
  {
   "type": "Feature",
   "geometry": {
    "type": "Point",
    "coordinates": [
     -79.80418891619345,
     32.83959122847669
    ]
   },
   "properties": {
    "source": "water",
    "project_id": "CEN0134",
    "name": "Rifle Range Road Park",
    "description": "Mount Pleasant Waterworks developer project — 105.7 acres",
    "status": "Developer - Active - Pre-Construction",
    "address": "",
    "application_date": "2025-07-20",
    "collection_date": "2025-07-27",
    "url": "https://pipes.mpwonline.com/pipes/Projects/projectsdevmanagement.php?projectid=7084",
    "updated_at": "2026-07-25 08:06:58"
   }
  },
  {
   "type": "Feature",
   "geometry": {
    "type": "Point",
    "coordinates": [
     -79.85462299313164,
     32.81822075199572
    ]
   },
   "properties": {
    "source": "water",
    "project_id": "CEN0135",
    "name": "James B. Edwards Elementary School",
    "description": "Please provide all correspondence through Taylor Gilmore at Reveer Group (Applicant). The developer/permittee is Charleston County School District, and their contact information is provided under \"Developer Name,\" \"Company Phone Number,\" and \"Alternate Contact Email Address.\"",
    "status": "Developer - Active - Construction",
    "address": "",
    "application_date": "2025-08-20",
    "collection_date": "2025-10-04",
    "url": "https://pipes.mpwonline.com/pipes/Projects/projectsdevmanagement.php?projectid=7110",
    "updated_at": "2026-07-25 08:06:58"
   }
  },
  {
   "type": "Feature",
   "geometry": {
    "type": "Point",
    "coordinates": [
     -79.76524291017027,
     32.889201359980596
    ]
   },
   "properties": {
    "source": "water",
    "project_id": "CEN0136",
    "name": "Kiddie Academy Carolina Park ",
    "description": "Mount Pleasant Waterworks developer project — 2.8 acres",
    "status": "Developer - Active - Pre-Construction",
    "address": "",
    "application_date": "2025-09-11",
    "collection_date": "2025-10-04",
    "url": "https://pipes.mpwonline.com/pipes/Projects/projectsdevmanagement.php?projectid=7128",
    "updated_at": "2026-07-25 08:06:58"
   }
  },
  {
   "type": "Feature",
   "geometry": {
    "type": "Point",
    "coordinates": [
     -79.77820880267662,
     32.87160855376437
    ]
   },
   "properties": {
    "source": "water",
    "project_id": "CEN0137",
    "name": "Scrubbys Car Wash",
    "description": "The parcel is to be subdivided into 3 separate lots. Two of the lots will be developed for the proposed Car Wash and Coffee Shop uses, and the remaining lot will be developed for another commercial use that has not been contracted at this time.",
    "status": "Developer - Active - Design/Permit",
    "address": "",
    "application_date": "2025-09-15",
    "collection_date": "2025-10-04",
    "url": "https://pipes.mpwonline.com/pipes/Projects/projectsdevmanagement.php?projectid=7130",
    "updated_at": "2026-07-25 08:06:58"
   }
  },
  {
   "type": "Feature",
   "geometry": {
    "type": "Point",
    "coordinates": [
     -79.77892577748209,
     32.87118148424081
    ]
   },
   "properties": {
    "source": "water",
    "project_id": "CEN0138",
    "name": "Parker's Kitchen",
    "description": "Mount Pleasant Waterworks developer project — 2.2 acres",
    "status": "Developer - Active - Construction",
    "address": "",
    "application_date": "2025-09-15",
    "collection_date": "2025-10-04",
    "url": "https://pipes.mpwonline.com/pipes/Projects/projectsdevmanagement.php?projectid=7131",
    "updated_at": "2026-07-25 08:06:58"
   }
  },
  {
   "type": "Feature",
   "geometry": {
    "type": "Point",
    "coordinates": [
     -79.77758055756108,
     32.87230578070139
    ]
   },
   "properties": {
    "source": "water",
    "project_id": "CEN0139",
    "name": "Zaxby's (Mount Pleasant, SC)",
    "description": "Carter Engineering Consultants Inc. (agent) submitting on behalf of Brakat Enterprises Inc. (applicant)",
    "status": "Developer - Active - Design/Permit",
    "address": "",
    "application_date": "2025-09-15",
    "collection_date": "2025-10-04",
    "url": "https://pipes.mpwonline.com/pipes/Projects/projectsdevmanagement.php?projectid=7132",
    "updated_at": "2026-07-25 08:06:58"
   }
  },
  {
   "type": "Feature",
   "geometry": {
    "type": "Point",
    "coordinates": [
     -79.87781778597555,
     32.79239363410108
    ]
   },
   "properties": {
    "source": "water",
    "project_id": "CEN0140",
    "name": "Shem Creek Boutique Hotel",
    "description": "Mount Pleasant Waterworks developer project — 0.6 acres",
    "status": "Developer - Active - Design/Permit",
    "address": "",
    "application_date": "2025-11-14",
    "collection_date": "2025-11-16",
    "url": "https://pipes.mpwonline.com/pipes/Projects/projectsdevmanagement.php?projectid=7174",
    "updated_at": "2026-07-25 08:06:58"
   }
  },
  {
   "type": "Feature",
   "geometry": {
    "type": "Point",
    "coordinates": [
     -79.77453619298338,
     32.87154986126338
    ]
   },
   "properties": {
    "source": "water",
    "project_id": "CEN0141",
    "name": "3325 South Morgans Point Road",
    "description": "Proposed water main extension to the new project site to provide fire protection for life safety.",
    "status": "Developer - Active - Pre-Construction",
    "address": "",
    "application_date": "2025-11-25",
    "collection_date": "2025-11-27",
    "url": "https://pipes.mpwonline.com/pipes/Projects/projectsdevmanagement.php?projectid=7184",
    "updated_at": "2026-07-25 08:06:58"
   }
  },
  {
   "type": "Feature",
   "geometry": {
    "type": "Point",
    "coordinates": [
     -79.78042938002383,
     32.87223283235981
    ]
   },
   "properties": {
    "source": "water",
    "project_id": "CEN0142",
    "name": "The Church at LifePark - Phase 4",
    "description": "Mount Pleasant Waterworks developer project — 2.0 acres",
    "status": "Developer - Active - Design/Permit",
    "address": "",
    "application_date": "2025-12-01",
    "collection_date": "2025-12-03",
    "url": "https://pipes.mpwonline.com/pipes/Projects/projectsdevmanagement.php?projectid=7185",
    "updated_at": "2026-07-25 08:06:58"
   }
  },
  {
   "type": "Feature",
   "geometry": {
    "type": "Point",
    "coordinates": [
     -79.76270882977222,
     32.881080429094666
    ]
   },
   "properties": {
    "source": "water",
    "project_id": "CEN0143",
    "name": "PH. 2 BMC MERCEDES-BENZ AT CAROLINA PARK",
    "description": "Davis & Floyd is submitting on behalf of the property owner Baker Motor Company.",
    "status": "Developer - Active - Construction",
    "address": "",
    "application_date": "2026-01-05",
    "collection_date": "2026-01-07",
    "url": "https://pipes.mpwonline.com/pipes/Projects/projectsdevmanagement.php?projectid=7196",
    "updated_at": "2026-07-25 08:06:58"
   }
  },
  {
   "type": "Feature",
   "geometry": {
    "type": "Point",
    "coordinates": [
     -79.78153054101114,
     32.86772009355793
    ]
   },
   "properties": {
    "source": "water",
    "project_id": "CEN0144",
    "name": "North Mount Pleasant - Huntington Bank",
    "description": "Bank branch building",
    "status": "Developer - Active - Closeout",
    "address": "",
    "application_date": "2026-02-12",
    "collection_date": "2026-02-15",
    "url": "https://pipes.mpwonline.com/pipes/Projects/projectsdevmanagement.php?projectid=7215",
    "updated_at": "2026-07-25 08:06:58"
   }
  },
  {
   "type": "Feature",
   "geometry": {
    "type": "Point",
    "coordinates": [
     -79.77956129433302,
     32.84003871885395
    ]
   },
   "properties": {
    "source": "water",
    "project_id": "CEN0145",
    "name": "Hamlin Beach Events",
    "description": "Mount Pleasant Waterworks developer project — 3.9 acres",
    "status": "Developer - Active - Review",
    "address": "",
    "application_date": "2026-06-22",
    "collection_date": "2026-06-24",
    "url": "https://pipes.mpwonline.com/pipes/Projects/projectsdevmanagement.php?projectid=7254",
    "updated_at": "2026-07-25 08:06:58"
   }
  },
  {
   "type": "Feature",
   "geometry": {
    "type": "Point",
    "coordinates": [
     -79.84736286817972,
     32.8138896954244
    ]
   },
   "properties": {
    "source": "water",
    "project_id": "CEN0146",
    "name": "Stuart Engles 1469",
    "description": "proof of Coordination letter",
    "status": "Developer - Active - Review",
    "address": "",
    "application_date": "2026-06-22",
    "collection_date": "2026-06-24",
    "url": "https://pipes.mpwonline.com/pipes/Projects/projectsdevmanagement.php?projectid=7272",
    "updated_at": "2026-07-25 08:06:58"
   }
  },
  {
   "type": "Feature",
   "geometry": {
    "type": "Point",
    "coordinates": [
     -79.76718847317483,
     32.88935044435503
    ]
   },
   "properties": {
    "source": "water",
    "project_id": "CEN0147",
    "name": "Cape Landing Phase 1",
    "description": "Mount Pleasant Waterworks developer project — 46.7 acres",
    "status": "Developer - Active - Design/Permit",
    "address": "",
    "application_date": "2026-06-26",
    "collection_date": "2026-06-28",
    "url": "https://pipes.mpwonline.com/pipes/Projects/projectsdevmanagement.php?projectid=7277",
    "updated_at": "2026-07-25 08:06:58"
   }
  },
  {
   "type": "Feature",
   "geometry": {
    "type": "Point",
    "coordinates": [
     -79.82927778399204,
     32.81096609878593
    ]
   },
   "properties": {
    "source": "water",
    "project_id": "COSA0042",
    "name": "Time to Shine to WhiteWater Express",
    "description": null,
    "status": "Developer - Active - Review",
    "address": "",
    "application_date": "2025-11-14",
    "collection_date": "2025-11-16",
    "url": "https://pipes.mpwonline.com/pipes/Projects/projectsdevmanagement.php?projectid=7169",
    "updated_at": "2025-11-16 06:08:33"
   }
  },
  {
   "type": "Feature",
   "geometry": {
    "type": "Point",
    "coordinates": [
     -79.78816349613288,
     32.861715109342185
    ]
   },
   "properties": {
    "source": "water",
    "project_id": "COSA0043 ",
    "name": "4384 Walmart",
    "description": "Upfit of tenant space for Dunkin Donuts tenant",
    "status": "Developer - Active - Review",
    "address": "",
    "application_date": "2026-04-29",
    "collection_date": "2026-05-01",
    "url": "https://pipes.mpwonline.com/pipes/Projects/projectsdevmanagement.php?projectid=7248",
    "updated_at": "2026-05-01 07:00:37"
   }
  },
  {
   "type": "Feature",
   "geometry": {
    "type": "Point",
    "coordinates": [
     -79.88538763376907,
     32.795649588539575
    ]
   },
   "properties": {
    "source": "water",
    "project_id": "CSAN0293",
    "name": "Broadway Street Storage",
    "description": "Redevelopment into commercial storage facility.",
    "status": "Developer - Active - Construction",
    "address": "",
    "application_date": "2025-11-02",
    "collection_date": "2025-11-02",
    "url": "https://pipes.mpwonline.com/pipes/Projects/projectsdevmanagement.php?projectid=5202",
    "updated_at": "2026-07-25 08:06:58"
   }
  },
  {
   "type": "Feature",
   "geometry": {
    "type": "Point",
    "coordinates": [
     -79.87710786297183,
     32.7897311918378
    ]
   },
   "properties": {
    "source": "water",
    "project_id": "CSAN0386",
    "name": "Earls Court Hotel",
    "description": "Installation of sewer & water service to existing main lines for a proposed hotel",
    "status": "Developer - Active - Pre-Construction",
    "address": "",
    "application_date": "2020-05-18",
    "collection_date": "2025-07-27",
    "url": "https://pipes.mpwonline.com/pipes/Projects/projectsdevmanagement.php?projectid=5636",
    "updated_at": "2026-07-25 08:06:58"
   }
  },
  {
   "type": "Feature",
   "geometry": {
    "type": "Point",
    "coordinates": [
     -79.79613797184456,
     32.86039747879982
    ]
   },
   "properties": {
    "source": "water",
    "project_id": "CSAN0400",
    "name": "Office Building at 1134 Gregorie Ferry Road",
    "description": "Proposed 3,000 SF Office Building. Requiring one (1) 2-inch domestic water service lateral.",
    "status": "Developer - Active - Construction",
    "address": "",
    "application_date": "2020-07-31",
    "collection_date": "2025-10-09",
    "url": "https://pipes.mpwonline.com/pipes/Projects/projectsdevmanagement.php?projectid=5762",
    "updated_at": "2026-07-25 08:06:58"
   }
  },
  {
   "type": "Feature",
   "geometry": {
    "type": "Point",
    "coordinates": [
     -79.8514088001457,
     32.81192207565685
    ]
   },
   "properties": {
    "source": "water",
    "project_id": "CSAN0410",
    "name": "Bowman Place Final Phases",
    "description": "Demolish and abandon existing utilities and the construction of (3) three new single-story buildings totaling approximately 22,000 square feet with new utilities (water and sewer) required to serve the facilities.",
    "status": "Developer - Active - Construction",
    "address": "",
    "application_date": "2020-10-25",
    "collection_date": "2025-07-27",
    "url": "https://pipes.mpwonline.com/pipes/Projects/projectsdevmanagement.php?projectid=5832",
    "updated_at": "2026-07-25 08:06:58"
   }
  },
  {
   "type": "Feature",
   "geometry": {
    "type": "Point",
    "coordinates": [
     -79.84701492564326,
     32.810088291179234
    ]
   },
   "properties": {
    "source": "water",
    "project_id": "CSAN0488",
    "name": "MSC Office",
    "description": "Proposed 2-story office building.",
    "status": "Developer - Active - Construction",
    "address": "",
    "application_date": "2022-03-20",
    "collection_date": "2025-07-27",
    "url": "https://pipes.mpwonline.com/pipes/Projects/projectsdevmanagement.php?projectid=6086",
    "updated_at": "2026-07-25 08:06:58"
   }
  },
  {
   "type": "Feature",
   "geometry": {
    "type": "Point",
    "coordinates": [
     -79.7721078564975,
     32.88054692415772
    ]
   },
   "properties": {
    "source": "water",
    "project_id": "CSAN0495",
    "name": "Carolina Park CPC-7",
    "description": "Single 1\" domestic water service and 1\" irrigation service for a new 2200 s.f. drive-thru resturant",
    "status": "Developer - Active - Construction",
    "address": "",
    "application_date": "2022-05-18",
    "collection_date": "2025-07-27",
    "url": "https://pipes.mpwonline.com/pipes/Projects/projectsdevmanagement.php?projectid=6120",
    "updated_at": "2025-07-27 19:59:06"
   }
  },
  {
   "type": "Feature",
   "geometry": {
    "type": "Point",
    "coordinates": [
     -79.80632152060036,
     32.878676877741775
    ]
   },
   "properties": {
    "source": "water",
    "project_id": "CSAN0512",
    "name": "Joe Rouse Road Business Center",
    "description": "Installation of water service from existing MPW water main and sewer service from existing MPW cleanout",
    "status": "Developer - Active - Construction",
    "address": "",
    "application_date": "2022-08-16",
    "collection_date": "2025-11-12",
    "url": "https://pipes.mpwonline.com/pipes/Projects/projectsdevmanagement.php?projectid=6256",
    "updated_at": "2026-07-25 08:06:58"
   }
  },
  {
   "type": "Feature",
   "geometry": {
    "type": "Point",
    "coordinates": [
     -79.87447234160408,
     32.790649102023636
    ]
   },
   "properties": {
    "source": "water",
    "project_id": "CSAN0522",
    "name": "515 Coleman Blvd",
    "description": "Install a 4\" fire service line across Simmons St. connect to existing domestic service for this site. ",
    "status": "Developer - Active - Pre-Construction",
    "address": "",
    "application_date": "2022-10-02",
    "collection_date": "2025-07-27",
    "url": "https://pipes.mpwonline.com/pipes/Projects/projectsdevmanagement.php?projectid=6282",
    "updated_at": "2025-07-27 19:59:06"
   }
  },
  {
   "type": "Feature",
   "geometry": {
    "type": "Point",
    "coordinates": [
     -79.90247392227211,
     32.79752656434094
    ]
   },
   "properties": {
    "source": "water",
    "project_id": "CSAN0535",
    "name": "Residence Inn at Patriots Point ",
    "description": "100-room residence inn hotel with a pool and patio area, parking lot, storm water infrastructure, associated utilities, and future outparcel building pad ",
    "status": "Developer - Active - Construction",
    "address": "",
    "application_date": "2022-11-10",
    "collection_date": "2025-07-27",
    "url": "https://pipes.mpwonline.com/pipes/Projects/projectsdevmanagement.php?projectid=6314",
    "updated_at": "2025-07-27 19:59:06"
   }
  },
  {
   "type": "Feature",
   "geometry": {
    "type": "Point",
    "coordinates": [
     -79.84358472955212,
     32.817969501884214
    ]
   },
   "properties": {
    "source": "water",
    "project_id": "CSAN0536",
    "name": "1108 Graddick Road",
    "description": "+/- 3,900 SF commercial building with associated parking and infrastructure on a 0.53 acre tract",
    "status": "Developer - Active - Closeout",
    "address": "",
    "application_date": "2022-11-10",
    "collection_date": "2025-07-27",
    "url": "https://pipes.mpwonline.com/pipes/Projects/projectsdevmanagement.php?projectid=6315",
    "updated_at": "2026-07-25 08:06:58"
   }
  },
  {
   "type": "Feature",
   "geometry": {
    "type": "Point",
    "coordinates": [
     -79.77449992602342,
     32.87397208016215
    ]
   },
   "properties": {
    "source": "water",
    "project_id": "CSAN0562",
    "name": "Carolina Park CPI-7A",
    "description": "New 4,850 s.f. commercial office building.  Requesting 1 tap with two domestic water services and 1 irrigation meter.",
    "status": "Developer - Active - Closeout",
    "address": "",
    "application_date": "2023-02-09",
    "collection_date": "2025-07-27",
    "url": "https://pipes.mpwonline.com/pipes/Projects/projectsdevmanagement.php?projectid=6377",
    "updated_at": "2025-07-27 19:59:06"
   }
  },
  {
   "type": "Feature",
   "geometry": {
    "type": "Point",
    "coordinates": [
     -79.89392356368319,
     32.79962364823818
    ]
   },
   "properties": {
    "source": "water",
    "project_id": "CSAN0569",
    "name": "The Cooper Apartments - Building 315",
    "description": "Rebuild of an apartment building that was destroyed by fire.",
    "status": "Developer - Active - Pre-Construction",
    "address": "",
    "application_date": "2023-04-11",
    "collection_date": "2025-07-27",
    "url": "https://pipes.mpwonline.com/pipes/Projects/projectsdevmanagement.php?projectid=6404",
    "updated_at": "2026-07-25 08:06:58"
   }
  },
  {
   "type": "Feature",
   "geometry": {
    "type": "Point",
    "coordinates": [
     -79.85554143993569,
     32.80064360511783
    ]
   },
   "properties": {
    "source": "water",
    "project_id": "CSAN0576",
    "name": "1123 Chuck Dawley Blvd",
    "description": "Mount Pleasant Waterworks developer project — 1.5 acres",
    "status": "Developer - Active - Design/Permit",
    "address": "",
    "application_date": "2023-06-11",
    "collection_date": "2025-08-20",
    "url": "https://pipes.mpwonline.com/pipes/Projects/projectsdevmanagement.php?projectid=6442",
    "updated_at": "2026-07-25 08:06:58"
   }
  },
  {
   "type": "Feature",
   "geometry": {
    "type": "Point",
    "coordinates": [
     -79.8655987394659,
     32.84226838942194
    ]
   },
   "properties": {
    "source": "water",
    "project_id": "CSAN0581",
    "name": "Tapio Dance Studio ",
    "description": "New Development on land for a Dance / Gymnastics Studio . Land is currently undeveloped . 11,000sqft building to be built on site in 2023-2024",
    "status": "Developer - Active - Construction",
    "address": "",
    "application_date": "2023-07-19",
    "collection_date": "2025-07-27",
    "url": "https://pipes.mpwonline.com/pipes/Projects/projectsdevmanagement.php?projectid=6522",
    "updated_at": "2025-07-27 19:59:06"
   }
  },
  {
   "type": "Feature",
   "geometry": {
    "type": "Point",
    "coordinates": [
     -79.85341185865667,
     32.797691879498075
    ]
   },
   "properties": {
    "source": "water",
    "project_id": "CSAN0583",
    "name": "ECMCS - Renovation & Expansion",
    "description": "The existing East Cooper Montessori Charter School is looking to build a multi-purpose gymnasium building adjacent to the existing school building which will be in need of water and sewer service.",
    "status": "Developer - Active - Design/Permit",
    "address": "",
    "application_date": "2023-07-25",
    "collection_date": "2025-07-27",
    "url": "https://pipes.mpwonline.com/pipes/Projects/projectsdevmanagement.php?projectid=6526",
    "updated_at": "2026-07-25 08:06:58"
   }
  },
  {
   "type": "Feature",
   "geometry": {
    "type": "Point",
    "coordinates": [
     -79.89001427471366,
     32.80916957175334
    ]
   },
   "properties": {
    "source": "water",
    "project_id": "CSAN0597 ",
    "name": "Mount Pleasant Way - Scanlonville Praise House Trail",
    "description": "Proposed 1\" water service connection to the existing 10\" water main located within the Mathis Ferry Road R/W. The water service connection is for a proposed drinking fountain associated with the Praise House Trail project.",
    "status": "Developer - Active - Design/Permit",
    "address": "",
    "application_date": "2023-09-29",
    "collection_date": "2026-05-03",
    "url": "https://pipes.mpwonline.com/pipes/Projects/projectsdevmanagement.php?projectid=6560",
    "updated_at": "2026-07-25 08:06:58"
   }
  },
  {
   "type": "Feature",
   "geometry": {
    "type": "Point",
    "coordinates": [
     -79.8415311527685,
     32.822571153579254
    ]
   },
   "properties": {
    "source": "water",
    "project_id": "CSAN0604",
    "name": "First Palmetto Expansion",
    "description": "Owner proposes to construct one (1) 6” SDR26 sewer service, approximately 65 LF in length, that taps into an existing sewer main along Lymington Drive. In addition, the owner proposes to construct two (2) 1” water services, approximately 45 LF in length, that tap into an existing water main along Beau Castle Road. Both water and sewer lines service a proposed 5,000 sq.ft. 2-story office building.”",
    "status": "Developer - Active - Review",
    "address": "",
    "application_date": "2023-12-03",
    "collection_date": "2025-07-27",
    "url": "https://pipes.mpwonline.com/pipes/Projects/projectsdevmanagement.php?projectid=6585",
    "updated_at": "2025-07-27 19:59:06"
   }
  },
  {
   "type": "Feature",
   "geometry": {
    "type": "Point",
    "coordinates": [
     -79.80469983147128,
     32.85074367534757
    ]
   },
   "properties": {
    "source": "water",
    "project_id": "CSAN0606",
    "name": "2521 N Hwy 17 Offices",
    "description": "Two (2) new water service connections to serve two (2) new +/- 5,130 SF office buildings at TMS#578-00-00-330. The existing 10,000 SF building is to remain in service and operation. The property is in unincorporated Charleston County.",
    "status": "Developer - Active - Pre-Construction",
    "address": "",
    "application_date": "2025-08-20",
    "collection_date": "2025-08-20",
    "url": "https://pipes.mpwonline.com/pipes/Projects/projectsdevmanagement.php?projectid=6594",
    "updated_at": "2026-07-25 08:06:58"
   }
  },
  {
   "type": "Feature",
   "geometry": {
    "type": "Point",
    "coordinates": [
     -79.84724679133811,
     32.80939433953716
    ]
   },
   "properties": {
    "source": "water",
    "project_id": "CSAN0613",
    "name": "MSC Parking Expansion",
    "description": "Developer proposes to construct additional hardscape parking areas on existing, developed site. Developer plans to relocate the following existing utility infrastructure to add additional parking areas: 2 fire hydrants, 1 domestic water meter, 1 irrigation meter & 1 backflow preventor and existing water valves as necessary.",
    "status": "Developer - Active - Closeout",
    "address": "",
    "application_date": "2025-07-27",
    "collection_date": "2025-07-27",
    "url": "https://pipes.mpwonline.com/pipes/Projects/projectsdevmanagement.php?projectid=6620",
    "updated_at": "2026-07-25 08:06:58"
   }
  },
  {
   "type": "Feature",
   "geometry": {
    "type": "Point",
    "coordinates": [
     -79.87156326329716,
     32.81082598068586
    ]
   },
   "properties": {
    "source": "water",
    "project_id": "CSAN0621",
    "name": "Exotic Vet Care",
    "description": "We are combining lots 812 and 814 Johnnie Dodds, removing the dividing property line and the address will be 814 Johnnie Dodds. We will connect to the existing water that we currently have at 814 JD thus eliminating the 812 meter. We will demo 812 building and do an addition to 814. We have a current account so no need to ad service. jose@birdsandexotics.com",
    "status": "Developer - Active - Closeout",
    "address": "",
    "application_date": "2024-03-08",
    "collection_date": "2026-01-07",
    "url": "https://pipes.mpwonline.com/pipes/Projects/projectsdevmanagement.php?projectid=6659",
    "updated_at": "2026-01-07 06:10:03"
   }
  },
  {
   "type": "Feature",
   "geometry": {
    "type": "Point",
    "coordinates": [
     -79.84833722992776,
     32.81589230025718
    ]
   },
   "properties": {
    "source": "water",
    "project_id": "CSAN0623",
    "name": "Frank & Jacks",
    "description": "We are building a new restaurant ",
    "status": "Developer - Active - Construction",
    "address": "",
    "application_date": "2024-03-14",
    "collection_date": "2025-07-27",
    "url": "https://pipes.mpwonline.com/pipes/Projects/projectsdevmanagement.php?projectid=6661",
    "updated_at": "2025-07-27 19:59:06"
   }
  },
  {
   "type": "Feature",
   "geometry": {
    "type": "Point",
    "coordinates": [
     -79.839401612532,
     32.8185175875529
    ]
   },
   "properties": {
    "source": "water",
    "project_id": "CSAN0626",
    "name": "Ethos Athletic Club",
    "description": "Tie into an existing sanitary sewer manhole with approximately 510 linear feet of 8\" gravity line to provide service to our site. The public portion of the proposed line would terminate in a clean-out on the property line into which a 6\" sanitary sewer service line will provide sanitary sewer service to the building. Water service will be connected to the existing meter as well as a proposed 6\" fire line. A proposed hydrant is also included in the project scope.",
    "status": "Developer - Active - Design/Permit",
    "address": "",
    "application_date": "2024-04-10",
    "collection_date": "2025-07-27",
    "url": "https://pipes.mpwonline.com/pipes/Projects/projectsdevmanagement.php?projectid=6678",
    "updated_at": "2026-07-25 08:06:58"
   }
  },
  {
   "type": "Feature",
   "geometry": {
    "type": "Point",
    "coordinates": [
     -79.76136537533566,
     32.88315706950182
    ]
   },
   "properties": {
    "source": "water",
    "project_id": "CSAN0637",
    "name": "Cremino Gelato & Caffe",
    "description": null,
    "status": "Developer - Active - Construction",
    "address": "",
    "application_date": "2024-08-02",
    "collection_date": "2025-07-27",
    "url": "https://pipes.mpwonline.com/pipes/Projects/projectsdevmanagement.php?projectid=6780",
    "updated_at": "2025-07-27 19:59:06"
   }
  },
  {
   "type": "Feature",
   "geometry": {
    "type": "Point",
    "coordinates": [
     -79.84334026311345,
     32.81772347336659
    ]
   },
   "properties": {
    "source": "water",
    "project_id": "CSAN0643",
    "name": "1116 Graddick Road Commercial",
    "description": "There will also be an irrigation connection at this site.  Will this application also begin the process for that permitting as well, or should a separate irrigation application for this address be submitted as well?",
    "status": "Developer - Active - Construction",
    "address": "",
    "application_date": "2024-09-16",
    "collection_date": "2025-07-27",
    "url": "https://pipes.mpwonline.com/pipes/Projects/projectsdevmanagement.php?projectid=6797",
    "updated_at": "2025-07-27 19:59:06"
   }
  },
  {
   "type": "Feature",
   "geometry": {
    "type": "Point",
    "coordinates": [
     -79.85515656576959,
     32.83997738501606
    ]
   },
   "properties": {
    "source": "water",
    "project_id": "CSAN0644",
    "name": "Paris Baguette ",
    "description": null,
    "status": "Developer - Active - Construction",
    "address": "",
    "application_date": "2024-10-09",
    "collection_date": "2025-07-27",
    "url": "https://pipes.mpwonline.com/pipes/Projects/projectsdevmanagement.php?projectid=6819",
    "updated_at": "2025-07-27 19:59:06"
   }
  },
  {
   "type": "Feature",
   "geometry": {
    "type": "Point",
    "coordinates": [
     -79.8882150951268,
     32.803334338377965
    ]
   },
   "properties": {
    "source": "water",
    "project_id": "CSAN0650",
    "name": "Duck Donuts Mt. Pleasant",
    "description": null,
    "status": "Developer - Active - Pre-Construction",
    "address": "",
    "application_date": "2024-10-23",
    "collection_date": "2025-07-27",
    "url": "https://pipes.mpwonline.com/pipes/Projects/projectsdevmanagement.php?projectid=6837",
    "updated_at": "2025-07-27 19:59:06"
   }
  },
  {
   "type": "Feature",
   "geometry": {
    "type": "Point",
    "coordinates": [
     -79.78490190247915,
     32.87816752683171
    ]
   },
   "properties": {
    "source": "water",
    "project_id": "CSAN0653",
    "name": "Baseball Field at Thomas Cario Blvd ",
    "description": null,
    "status": "Developer - Active - Construction",
    "address": "",
    "application_date": "2024-10-31",
    "collection_date": "2025-07-27",
    "url": "https://pipes.mpwonline.com/pipes/Projects/projectsdevmanagement.php?projectid=6846",
    "updated_at": "2025-07-27 19:59:06"
   }
  },
  {
   "type": "Feature",
   "geometry": {
    "type": "Point",
    "coordinates": [
     -79.84253100739916,
     32.82126659347343
    ]
   },
   "properties": {
    "source": "water",
    "project_id": "CSAN0654",
    "name": "1606 Hwy 17N",
    "description": "There are three buildings on the property, all engaged in retail business. We would like to apply for sewer service for all three buildings. We do not currently have any drawn plans for this project as we are not currently undergoing construction.",
    "status": "Developer - Active - Review",
    "address": "",
    "application_date": "2024-11-06",
    "collection_date": "2025-07-27",
    "url": "https://pipes.mpwonline.com/pipes/Projects/projectsdevmanagement.php?projectid=6848",
    "updated_at": "2025-07-27 19:59:06"
   }
  },
  {
   "type": "Feature",
   "geometry": {
    "type": "Point",
    "coordinates": [
     -79.81759403912027,
     32.82193229437792
    ]
   },
   "properties": {
    "source": "water",
    "project_id": "CSAN0655",
    "name": "Spoon and Cake",
    "description": null,
    "status": "Developer - Active - Construction",
    "address": "",
    "application_date": "2024-11-13",
    "collection_date": "2025-07-27",
    "url": "https://pipes.mpwonline.com/pipes/Projects/projectsdevmanagement.php?projectid=6863",
    "updated_at": "2025-07-27 19:59:06"
   }
  },
  {
   "type": "Feature",
   "geometry": {
    "type": "Point",
    "coordinates": [
     -79.81839924215396,
     32.82280564159696
    ]
   },
   "properties": {
    "source": "water",
    "project_id": "CSAN0659",
    "name": "Anjos Pizza and Pasta",
    "description": null,
    "status": "Developer - Active - Review",
    "address": "",
    "application_date": "2024-12-18",
    "collection_date": "2025-07-27",
    "url": "https://pipes.mpwonline.com/pipes/Projects/projectsdevmanagement.php?projectid=6874",
    "updated_at": "2025-07-27 19:59:06"
   }
  },
  {
   "type": "Feature",
   "geometry": {
    "type": "Point",
    "coordinates": [
     -79.83661870772984,
     32.82757264276768
    ]
   },
   "properties": {
    "source": "water",
    "project_id": "CSAN0662",
    "name": "Carolina Bagel Ventures Indigo Sq",
    "description": "Carolina Bagel Venture, LLC is a franchisee of Jeff's Bagel Run, and we operate a chain of quick service restaurants specializing in bagels, cream cheese, and coffee.",
    "status": "Developer - Active - Construction",
    "address": "",
    "application_date": "2025-01-28",
    "collection_date": "2025-07-27",
    "url": "https://pipes.mpwonline.com/pipes/Projects/projectsdevmanagement.php?projectid=6894",
    "updated_at": "2025-07-27 19:59:06"
   }
  },
  {
   "type": "Feature",
   "geometry": {
    "type": "Point",
    "coordinates": [
     -79.82363960602008,
     32.90663244371621
    ]
   },
   "properties": {
    "source": "water",
    "project_id": "CSAN0663",
    "name": "InvenTrust Properties Corp",
    "description": null,
    "status": "Developer - Active - Review",
    "address": "",
    "application_date": "2025-01-28",
    "collection_date": "2025-07-27",
    "url": "https://pipes.mpwonline.com/pipes/Projects/projectsdevmanagement.php?projectid=6895",
    "updated_at": "2025-07-27 19:59:06"
   }
  },
  {
   "type": "Feature",
   "geometry": {
    "type": "Point",
    "coordinates": [
     -79.87587673230536,
     32.80843146375885
    ]
   },
   "properties": {
    "source": "water",
    "project_id": "CSAN0664",
    "name": "Buffalo Wild Wings",
    "description": "Mount Pleasant Waterworks developer project — 0.5 acres",
    "status": "Developer - Active - Construction",
    "address": "",
    "application_date": "2025-02-04",
    "collection_date": "2025-07-27",
    "url": "https://pipes.mpwonline.com/pipes/Projects/projectsdevmanagement.php?projectid=6898",
    "updated_at": "2026-07-25 08:06:58"
   }
  },
  {
   "type": "Feature",
   "geometry": {
    "type": "Point",
    "coordinates": [
     -79.7971546767676,
     32.857004101871574
    ]
   },
   "properties": {
    "source": "water",
    "project_id": "CSAN0667",
    "name": "Wando Wash",
    "description": "Transferring from Wando wash into BVLY Partners",
    "status": "Developer - Active - Review",
    "address": "",
    "application_date": "2025-03-04",
    "collection_date": "2025-07-27",
    "url": "https://pipes.mpwonline.com/pipes/Projects/projectsdevmanagement.php?projectid=6916",
    "updated_at": "2025-07-27 19:59:06"
   }
  },
  {
   "type": "Feature",
   "geometry": {
    "type": "Point",
    "coordinates": [
     -79.87023306395689,
     32.80926175918123
    ]
   },
   "properties": {
    "source": "water",
    "project_id": "CSAN0668",
    "name": "COASTAL ACADEMY MT PLEASANT",
    "description": "Former name was, mini-skool early learning academy",
    "status": "Developer - Active - Construction",
    "address": "",
    "application_date": "2025-03-13",
    "collection_date": "2025-07-27",
    "url": "https://pipes.mpwonline.com/pipes/Projects/projectsdevmanagement.php?projectid=6920",
    "updated_at": "2026-07-25 08:06:58"
   }
  },
  {
   "type": "Feature",
   "geometry": {
    "type": "Point",
    "coordinates": [
     -79.86905728822542,
     32.84019929961636
    ]
   },
   "properties": {
    "source": "water",
    "project_id": "CSAN0669",
    "name": "The Bunker CHS",
    "description": "Indoor Sports Facility",
    "status": "Developer - Active - Construction",
    "address": "",
    "application_date": "2025-03-13",
    "collection_date": "2025-07-27",
    "url": "https://pipes.mpwonline.com/pipes/Projects/projectsdevmanagement.php?projectid=6921",
    "updated_at": "2025-07-27 19:59:06"
   }
  },
  {
   "type": "Feature",
   "geometry": {
    "type": "Point",
    "coordinates": [
     -79.86406215519585,
     32.79257138571857
    ]
   },
   "properties": {
    "source": "water",
    "project_id": "CSAN0673",
    "name": "Erckmann Dr Pool",
    "description": "Developer is owner.",
    "status": "Developer - Active - Closeout",
    "address": "",
    "application_date": "2025-03-18",
    "collection_date": "2025-07-27",
    "url": "https://pipes.mpwonline.com/pipes/Projects/projectsdevmanagement.php?projectid=6927",
    "updated_at": "2026-07-25 08:06:58"
   }
  },
  {
   "type": "Feature",
   "geometry": {
    "type": "Point",
    "coordinates": [
     -79.81758706429159,
     32.838982158791914
    ]
   },
   "properties": {
    "source": "water",
    "project_id": "CSAN0674",
    "name": "Bricco Bracco",
    "description": "This is for name change only",
    "status": "Developer - Active - Review",
    "address": "",
    "application_date": "2025-03-26",
    "collection_date": "2025-07-27",
    "url": "https://pipes.mpwonline.com/pipes/Projects/projectsdevmanagement.php?projectid=6930",
    "updated_at": "2025-07-27 19:59:06"
   }
  },
  {
   "type": "Feature",
   "geometry": {
    "type": "Point",
    "coordinates": [
     -79.82453186937809,
     32.907399610295
    ]
   },
   "properties": {
    "source": "water",
    "project_id": "CSAN0675",
    "name": "Come Back Shack - Highway 41",
    "description": "Mount Pleasant Waterworks developer project — 1.6 acres",
    "status": "Developer - Active - Design/Permit",
    "address": "",
    "application_date": "2025-03-26",
    "collection_date": "2025-07-27",
    "url": "https://pipes.mpwonline.com/pipes/Projects/projectsdevmanagement.php?projectid=6931",
    "updated_at": "2026-07-25 08:06:58"
   }
  },
  {
   "type": "Feature",
   "geometry": {
    "type": "Point",
    "coordinates": [
     -79.82640788192155,
     32.830311340866686
    ]
   },
   "properties": {
    "source": "water",
    "project_id": "CSAN0676",
    "name": "Tsunami",
    "description": null,
    "status": "Developer - Active - Design/Permit",
    "address": "",
    "application_date": "2025-03-28",
    "collection_date": "2025-07-27",
    "url": "https://pipes.mpwonline.com/pipes/Projects/projectsdevmanagement.php?projectid=6932",
    "updated_at": "2025-07-27 19:59:06"
   }
  },
  {
   "type": "Feature",
   "geometry": {
    "type": "Point",
    "coordinates": [
     -79.8651298586773,
     32.80950253661993
    ]
   },
   "properties": {
    "source": "water",
    "project_id": "CSAN0678",
    "name": "Mt Pleasant Community Healthcare, LLC",
    "description": "Healthcare Facility",
    "status": "Developer - Active - Review",
    "address": "",
    "application_date": "2025-04-08",
    "collection_date": "2025-07-27",
    "url": "https://pipes.mpwonline.com/pipes/Projects/projectsdevmanagement.php?projectid=6948",
    "updated_at": "2025-07-27 19:59:06"
   }
  },
  {
   "type": "Feature",
   "geometry": {
    "type": "Point",
    "coordinates": [
     -79.86206919379927,
     32.81005708553851
    ]
   },
   "properties": {
    "source": "water",
    "project_id": "CSAN0679",
    "name": "Mt Pleasant Villages, LLC",
    "description": "Healthcare Facility",
    "status": "Developer - Active - Review",
    "address": "",
    "application_date": "2025-04-08",
    "collection_date": "2025-07-27",
    "url": "https://pipes.mpwonline.com/pipes/Projects/projectsdevmanagement.php?projectid=6949",
    "updated_at": "2025-07-27 19:59:06"
   }
  },
  {
   "type": "Feature",
   "geometry": {
    "type": "Point",
    "coordinates": [
     -79.81772760410846,
     32.84034152977019
    ]
   },
   "properties": {
    "source": "water",
    "project_id": "CSAN0682",
    "name": "Fifth Third Bank, Six Mile Marketplace",
    "description": "Permitting for both water and sewer permits for the construction of a 1,900sf Fifth Third Bank facility",
    "status": "Developer - Active - Construction",
    "address": "",
    "application_date": "2025-04-15",
    "collection_date": "2025-07-27",
    "url": "https://pipes.mpwonline.com/pipes/Projects/projectsdevmanagement.php?projectid=6959",
    "updated_at": "2026-07-25 08:06:58"
   }
  },
  {
   "type": "Feature",
   "geometry": {
    "type": "Point",
    "coordinates": [
     -79.85476365175055,
     32.79379639712633
    ]
   },
   "properties": {
    "source": "water",
    "project_id": "CSAN0684",
    "name": "J.P. Murray & Company",
    "description": "Mount Pleasant Waterworks developer project — 0.3 acres",
    "status": "Developer - Active - Design/Permit",
    "address": "",
    "application_date": "2025-04-17",
    "collection_date": "2025-07-27",
    "url": "https://pipes.mpwonline.com/pipes/Projects/projectsdevmanagement.php?projectid=6964",
    "updated_at": "2026-07-25 08:06:58"
   }
  },
  {
   "type": "Feature",
   "geometry": {
    "type": "Point",
    "coordinates": [
     -79.85600678876031,
     32.84223753474688
    ]
   },
   "properties": {
    "source": "water",
    "project_id": "CSAN0685",
    "name": "Chick-fil-A #3857 - Long Point Road",
    "description": "Mount Pleasant Waterworks developer project — 1.3 acres",
    "status": "Developer - Active - Construction",
    "address": "",
    "application_date": "2025-04-21",
    "collection_date": "2025-07-27",
    "url": "https://pipes.mpwonline.com/pipes/Projects/projectsdevmanagement.php?projectid=6965",
    "updated_at": "2026-07-25 08:06:58"
   }
  },
  {
   "type": "Feature",
   "geometry": {
    "type": "Point",
    "coordinates": [
     -79.79998233528316,
     32.85515324537591
    ]
   },
   "properties": {
    "source": "water",
    "project_id": "CSAN0687",
    "name": "Zips",
    "description": null,
    "status": "Developer - Active - Construction",
    "address": "",
    "application_date": "2025-04-25",
    "collection_date": "2025-07-27",
    "url": "https://pipes.mpwonline.com/pipes/Projects/projectsdevmanagement.php?projectid=6969",
    "updated_at": "2025-07-27 19:59:06"
   }
  },
  {
   "type": "Feature",
   "geometry": {
    "type": "Point",
    "coordinates": [
     -79.85604837842104,
     32.81366733713087
    ]
   },
   "properties": {
    "source": "water",
    "project_id": "CSAN0688",
    "name": "Starbucks Coffee Co",
    "description": "Coffee Shop serving pre-packaged food and drinks only.  No cooking takes place on site.",
    "status": "Developer - Active - Construction",
    "address": "",
    "application_date": "2025-04-29",
    "collection_date": "2025-07-27",
    "url": "https://pipes.mpwonline.com/pipes/Projects/projectsdevmanagement.php?projectid=6971",
    "updated_at": "2025-07-27 19:59:06"
   }
  },
  {
   "type": "Feature",
   "geometry": {
    "type": "Point",
    "coordinates": [
     -79.82875801026144,
     32.829382971221165
    ]
   },
   "properties": {
    "source": "water",
    "project_id": "CSAN0690",
    "name": "Revolving Sushi Kingdom",
    "description": "My general contractor is Yufei Liu.",
    "status": "Developer - Active - Construction",
    "address": "",
    "application_date": "2025-05-07",
    "collection_date": "2025-07-27",
    "url": "https://pipes.mpwonline.com/pipes/Projects/projectsdevmanagement.php?projectid=6980",
    "updated_at": "2025-07-27 19:59:06"
   }
  },
  {
   "type": "Feature",
   "geometry": {
    "type": "Point",
    "coordinates": [
     -79.86769376808948,
     32.83894848250098
    ]
   },
   "properties": {
    "source": "water",
    "project_id": "CSAN0692",
    "name": "Circle K Wando Park Blvd ",
    "description": "Please forward all review fees to Bonisha Dixon:  bonisha.dixon@circlek.com",
    "status": "Developer - Active - Design/Permit",
    "address": "",
    "application_date": "2025-05-15",
    "collection_date": "2025-07-27",
    "url": "https://pipes.mpwonline.com/pipes/Projects/projectsdevmanagement.php?projectid=6993",
    "updated_at": "2026-07-25 08:06:58"
   }
  },
  {
   "type": "Feature",
   "geometry": {
    "type": "Point",
    "coordinates": [
     -79.84771188415124,
     32.81324436360409
    ]
   },
   "properties": {
    "source": "water",
    "project_id": "CSAN0693",
    "name": "1455 Stuart Engals Blvd",
    "description": "we would like to be included in the current plan for new waste water service for the Stuart Engals sewage project.",
    "status": "Developer - Active - Review",
    "address": "",
    "application_date": "2025-07-25",
    "collection_date": "2025-08-20",
    "url": "https://pipes.mpwonline.com/pipes/Projects/projectsdevmanagement.php?projectid=7002",
    "updated_at": "2025-08-20 12:36:18"
   }
  },
  {
   "type": "Feature",
   "geometry": {
    "type": "Point",
    "coordinates": [
     -79.86453550298046,
     32.81083684718395
    ]
   },
   "properties": {
    "source": "water",
    "project_id": "CSAN0695",
    "name": "Anna Knapp Plaza",
    "description": "Turning over 2 accounts at this address",
    "status": "Developer - Active - Construction",
    "address": "",
    "application_date": "2025-06-06",
    "collection_date": "2025-07-27",
    "url": "https://pipes.mpwonline.com/pipes/Projects/projectsdevmanagement.php?projectid=7019",
    "updated_at": "2026-07-25 08:06:58"
   }
  },
  {
   "type": "Feature",
   "geometry": {
    "type": "Point",
    "coordinates": [
     -79.88152822002766,
     32.79288030298487
    ]
   },
   "properties": {
    "source": "water",
    "project_id": "CSAN0696",
    "name": "Shem Creek Outpost",
    "description": null,
    "status": "Developer - Active - Review",
    "address": "",
    "application_date": "2025-06-12",
    "collection_date": "2025-07-27",
    "url": "https://pipes.mpwonline.com/pipes/Projects/projectsdevmanagement.php?projectid=7034",
    "updated_at": "2025-07-27 19:59:06"
   }
  },
  {
   "type": "Feature",
   "geometry": {
    "type": "Point",
    "coordinates": [
     -79.85547205144019,
     32.84232013839842
    ]
   },
   "properties": {
    "source": "water",
    "project_id": "CSAN0698",
    "name": "Fifth Third Bank - Belle Hall",
    "description": "Mount Pleasant Waterworks developer project — 1.1 acres",
    "status": "Developer - Active - Review",
    "address": "",
    "application_date": "2025-07-03",
    "collection_date": "2025-07-27",
    "url": "https://pipes.mpwonline.com/pipes/Projects/projectsdevmanagement.php?projectid=7075",
    "updated_at": "2026-07-25 08:06:58"
   }
  },
  {
   "type": "Feature",
   "geometry": {
    "type": "Point",
    "coordinates": [
     -79.85483964168282,
     32.842974494103125
    ]
   },
   "properties": {
    "source": "water",
    "project_id": "CSAN0699",
    "name": "Subway",
    "description": null,
    "status": "Developer - Active - Review",
    "address": "",
    "application_date": "2025-07-10",
    "collection_date": "2025-07-27",
    "url": "https://pipes.mpwonline.com/pipes/Projects/projectsdevmanagement.php?projectid=7078",
    "updated_at": "2025-07-27 19:59:06"
   }
  },
  {
   "type": "Feature",
   "geometry": {
    "type": "Point",
    "coordinates": [
     -79.76252067531624,
     32.88318408917022
    ]
   },
   "properties": {
    "source": "water",
    "project_id": "CSAN0700",
    "name": "Valeo Health Club",
    "description": "Mount Pleasant Waterworks developer project — 0.8 acres",
    "status": "Developer - Active - Design/Permit",
    "address": "",
    "application_date": "2025-07-20",
    "collection_date": "2025-07-27",
    "url": "https://pipes.mpwonline.com/pipes/Projects/projectsdevmanagement.php?projectid=7085",
    "updated_at": "2026-07-25 08:06:58"
   }
  },
  {
   "type": "Feature",
   "geometry": {
    "type": "Point",
    "coordinates": [
     -79.85174290531467,
     32.81329650561555
    ]
   },
   "properties": {
    "source": "water",
    "project_id": "CSAN0701",
    "name": "Bowman Outparcel 4",
    "description": "Mount Pleasant Waterworks developer project — 0.4 acres",
    "status": "Developer - Active - Construction",
    "address": "",
    "application_date": "2025-07-24",
    "collection_date": "2025-07-27",
    "url": "https://pipes.mpwonline.com/pipes/Projects/projectsdevmanagement.php?projectid=7087",
    "updated_at": "2026-07-25 08:06:58"
   }
  },
  {
   "type": "Feature",
   "geometry": {
    "type": "Point",
    "coordinates": [
     -79.8380505893106,
     32.82465004356137
    ]
   },
   "properties": {
    "source": "water",
    "project_id": "CSAN0702",
    "name": "Discount Tire SCC 13214",
    "description": "Mount Pleasant Waterworks developer project — 0.8 acres",
    "status": "Developer - Active - Design/Permit",
    "address": "",
    "application_date": "2025-07-27",
    "collection_date": "2025-08-20",
    "url": "https://pipes.mpwonline.com/pipes/Projects/projectsdevmanagement.php?projectid=7093",
    "updated_at": "2026-07-25 08:06:58"
   }
  },
  {
   "type": "Feature",
   "geometry": {
    "type": "Point",
    "coordinates": [
     -79.85403452239825,
     32.84309719124591
    ]
   },
   "properties": {
    "source": "water",
    "project_id": "CSAN0703",
    "name": "All American Sports Bar llc",
    "description": "Mount Pleasant Waterworks developer project — 0.6 acres",
    "status": "Developer - Active - Review",
    "address": "",
    "application_date": "2025-08-06",
    "collection_date": "2025-08-20",
    "url": "https://pipes.mpwonline.com/pipes/Projects/projectsdevmanagement.php?projectid=7097",
    "updated_at": "2026-07-25 08:06:58"
   }
  },
  {
   "type": "Feature",
   "geometry": {
    "type": "Point",
    "coordinates": [
     -79.81934881847762,
     32.89567620348257
    ]
   },
   "properties": {
    "source": "water",
    "project_id": "CSAN0704",
    "name": "JPMC Rivertowne",
    "description": "Need to meet to discuss; outparcel for Big Blue Marble",
    "status": "Developer - Active - Design/Permit",
    "address": "",
    "application_date": "2025-08-11",
    "collection_date": "2025-08-20",
    "url": "https://pipes.mpwonline.com/pipes/Projects/projectsdevmanagement.php?projectid=7100",
    "updated_at": "2025-08-20 12:36:18"
   }
  },
  {
   "type": "Feature",
   "geometry": {
    "type": "Point",
    "coordinates": [
     -79.80375461544854,
     32.85515442936658
    ]
   },
   "properties": {
    "source": "water",
    "project_id": "CSAN0705",
    "name": "MAD ZA LLC",
    "description": "Mount Pleasant Waterworks developer project — 0.1 acres",
    "status": "Developer - Active - Construction",
    "address": "",
    "application_date": "2025-08-12",
    "collection_date": "2025-08-20",
    "url": "https://pipes.mpwonline.com/pipes/Projects/projectsdevmanagement.php?projectid=7102",
    "updated_at": "2026-07-25 08:06:58"
   }
  },
  {
   "type": "Feature",
   "geometry": {
    "type": "Point",
    "coordinates": [
     -79.85421523476255,
     32.79389595431353
    ]
   },
   "properties": {
    "source": "water",
    "project_id": "CSAN0708",
    "name": "Bloom & Bean",
    "description": "Floral Coffee shop. Coffee shop with a florist. ",
    "status": "Developer - Active - Construction",
    "address": "",
    "application_date": "2025-08-27",
    "collection_date": "2025-10-04",
    "url": "https://pipes.mpwonline.com/pipes/Projects/projectsdevmanagement.php?projectid=7115",
    "updated_at": "2025-10-04 15:48:19"
   }
  },
  {
   "type": "Feature",
   "geometry": {
    "type": "Point",
    "coordinates": [
     -79.83287081771556,
     32.829623555448855
    ]
   },
   "properties": {
    "source": "water",
    "project_id": "CSAN0709",
    "name": "Huntington Bank",
    "description": "Renovation of the former TGIF building",
    "status": "Developer - Active - Construction",
    "address": "",
    "application_date": "2025-09-05",
    "collection_date": "2025-10-04",
    "url": "https://pipes.mpwonline.com/pipes/Projects/projectsdevmanagement.php?projectid=7126",
    "updated_at": "2026-07-25 08:06:58"
   }
  },
  {
   "type": "Feature",
   "geometry": {
    "type": "Point",
    "coordinates": [
     -79.85062595948024,
     32.82138318336691
    ]
   },
   "properties": {
    "source": "water",
    "project_id": "CSAN0711",
    "name": "Novant Health, Inc",
    "description": null,
    "status": "Developer - Active - Review",
    "address": "",
    "application_date": "2025-09-11",
    "collection_date": "2025-10-04",
    "url": "https://pipes.mpwonline.com/pipes/Projects/projectsdevmanagement.php?projectid=7129",
    "updated_at": "2025-10-04 15:48:19"
   }
  },
  {
   "type": "Feature",
   "geometry": {
    "type": "Point",
    "coordinates": [
     -79.84865601606634,
     32.83280869260234
    ]
   },
   "properties": {
    "source": "water",
    "project_id": "CSAN0712",
    "name": "Whipple Road Tennis",
    "description": "The property owner is the Town of Mount Pleasant",
    "status": "Developer - Active - Construction",
    "address": "",
    "application_date": "2025-09-17",
    "collection_date": "2025-10-04",
    "url": "https://pipes.mpwonline.com/pipes/Projects/projectsdevmanagement.php?projectid=7136",
    "updated_at": "2026-07-25 08:06:58"
   }
  },
  {
   "type": "Feature",
   "geometry": {
    "type": "Point",
    "coordinates": [
     -79.80600092993915,
     32.8958760252585
    ]
   },
   "properties": {
    "source": "water",
    "project_id": "CSAN0713",
    "name": "Blominski Land Development ",
    "description": "Acre property across the street from Mount Pleasant Fire Dept and Dunes West gate.",
    "status": "Developer - Active - Design/Permit",
    "address": "",
    "application_date": "2025-09-30",
    "collection_date": "2025-10-04",
    "url": "https://pipes.mpwonline.com/pipes/Projects/projectsdevmanagement.php?projectid=7146",
    "updated_at": "2026-07-25 08:06:58"
   }
  },
  {
   "type": "Feature",
   "geometry": {
    "type": "Point",
    "coordinates": [
     -79.88229572938154,
     32.80601672419961
    ]
   },
   "properties": {
    "source": "water",
    "project_id": "CSAN0714",
    "name": "TKCZFOODS LLC",
    "description": "This is for 607 Johnnie Dodds Blvd Mt Pleasant SC 29464 Suite B. I am requesting to take over from from Larin Childress",
    "status": "Developer - Active - Review",
    "address": "",
    "application_date": "2025-10-31",
    "collection_date": "2025-11-02",
    "url": "https://pipes.mpwonline.com/pipes/Projects/projectsdevmanagement.php?projectid=7155",
    "updated_at": "2025-11-02 06:08:27"
   }
  },
  {
   "type": "Feature",
   "geometry": {
    "type": "Point",
    "coordinates": [
     -79.84723168806607,
     32.814119780563416
    ]
   },
   "properties": {
    "source": "water",
    "project_id": "CSAN0715",
    "name": "1465 Stuart Engals Blvd Sewer Connection",
    "description": "Wastewater Tap Connection",
    "status": "Developer - Active - Review",
    "address": "",
    "application_date": "2025-10-31",
    "collection_date": "2025-11-02",
    "url": "https://pipes.mpwonline.com/pipes/Projects/projectsdevmanagement.php?projectid=7159",
    "updated_at": "2025-11-02 06:08:27"
   }
  },
  {
   "type": "Feature",
   "geometry": {
    "type": "Point",
    "coordinates": [
     -79.81716077255894,
     32.821577991809875
    ]
   },
   "properties": {
    "source": "water",
    "project_id": "CSAN0716",
    "name": "Ardoa Wine Bar",
    "description": "Purchased business and now taking over the service",
    "status": "Developer - Active - Review",
    "address": "",
    "application_date": "2025-10-29",
    "collection_date": "2025-10-31",
    "url": "https://pipes.mpwonline.com/pipes/Projects/projectsdevmanagement.php?projectid=7162",
    "updated_at": "2025-10-31 06:08:48"
   }
  },
  {
   "type": "Feature",
   "geometry": {
    "type": "Point",
    "coordinates": [
     -79.83093613431024,
     32.82978284032822
    ]
   },
   "properties": {
    "source": "water",
    "project_id": "CSAN0717",
    "name": "Jeni's - Mount Pleasant Towne Center",
    "description": "Business opened in 2023, tied into neighboring business's meter. Our LL would like us to tie into an existing meter that is currently an irrigation meter (85624967). Peter Fennell has advised that the transfer to domestic use would mean impact fees would be due.",
    "status": "Developer - Active - Review",
    "address": "",
    "application_date": "2025-11-05",
    "collection_date": "2025-11-07",
    "url": "https://pipes.mpwonline.com/pipes/Projects/projectsdevmanagement.php?projectid=7166",
    "updated_at": "2025-11-07 06:09:16"
   }
  },
  {
   "type": "Feature",
   "geometry": {
    "type": "Point",
    "coordinates": [
     -79.77149048882737,
     32.88775629699754
    ]
   },
   "properties": {
    "source": "water",
    "project_id": "CSAN0718",
    "name": "Fellowship Carolina Park",
    "description": "this is an assisted living facility with independent cottages",
    "status": "Developer - Active - Review",
    "address": "",
    "application_date": "2025-11-20",
    "collection_date": "2025-11-22",
    "url": "https://pipes.mpwonline.com/pipes/Projects/projectsdevmanagement.php?projectid=7178",
    "updated_at": "2025-11-22 06:07:58"
   }
  },
  {
   "type": "Feature",
   "geometry": {
    "type": "Point",
    "coordinates": [
     -79.84816726539033,
     32.823851571956716
    ]
   },
   "properties": {
    "source": "water",
    "project_id": "CSAN0719",
    "name": "LTP Tennis Academy - Indoor Court",
    "description": "Mount Pleasant Waterworks developer project — 1.6 acres",
    "status": "Developer - Active - Pre-Construction",
    "address": "",
    "application_date": "2025-11-21",
    "collection_date": "2025-11-23",
    "url": "https://pipes.mpwonline.com/pipes/Projects/projectsdevmanagement.php?projectid=7180",
    "updated_at": "2026-07-25 08:06:58"
   }
  },
  {
   "type": "Feature",
   "geometry": {
    "type": "Point",
    "coordinates": [
     -79.88371065748227,
     32.795805200613884
    ]
   },
   "properties": {
    "source": "water",
    "project_id": "CSAN0720",
    "name": "Neat Bourbon Bar",
    "description": "Old topsail restaurant ",
    "status": "Developer - Active - Review",
    "address": "",
    "application_date": "2025-11-24",
    "collection_date": "2025-11-26",
    "url": "https://pipes.mpwonline.com/pipes/Projects/projectsdevmanagement.php?projectid=7181",
    "updated_at": "2025-11-26 06:09:40"
   }
  },
  {
   "type": "Feature",
   "geometry": {
    "type": "Point",
    "coordinates": [
     -79.86384735677893,
     32.794406762428835
    ]
   },
   "properties": {
    "source": "water",
    "project_id": "CSAN0721",
    "name": "Chase Mount Pleasant",
    "description": null,
    "status": "Developer - Active - Review",
    "address": "",
    "application_date": "2025-11-25",
    "collection_date": "2025-11-27",
    "url": "https://pipes.mpwonline.com/pipes/Projects/projectsdevmanagement.php?projectid=7182",
    "updated_at": "2025-11-27 06:09:44"
   }
  },
  {
   "type": "Feature",
   "geometry": {
    "type": "Point",
    "coordinates": [
     -79.87498889165373,
     32.79205441174085
    ]
   },
   "properties": {
    "source": "water",
    "project_id": "CSAN0722",
    "name": "Nantucket's Meat and Fish Market",
    "description": null,
    "status": "Developer - Active - Review",
    "address": "",
    "application_date": "2025-12-03",
    "collection_date": "2025-12-05",
    "url": "https://pipes.mpwonline.com/pipes/Projects/projectsdevmanagement.php?projectid=7186",
    "updated_at": "2025-12-05 06:09:54"
   }
  },
  {
   "type": "Feature",
   "geometry": {
    "type": "Point",
    "coordinates": [
     -79.798556946155,
     32.85611274396289
    ]
   },
   "properties": {
    "source": "water",
    "project_id": "CSAN0723",
    "name": "Primo Hoagies and Steaks",
    "description": null,
    "status": "Developer - Active - Review",
    "address": "",
    "application_date": "2025-12-02",
    "collection_date": "2025-12-04",
    "url": "https://pipes.mpwonline.com/pipes/Projects/projectsdevmanagement.php?projectid=7188",
    "updated_at": "2025-12-04 06:09:44"
   }
  },
  {
   "type": "Feature",
   "geometry": {
    "type": "Point",
    "coordinates": [
     -79.87360827403712,
     32.79150921219264
    ]
   },
   "properties": {
    "source": "water",
    "project_id": "CSAN0724",
    "name": "Moultrie Plaza Outbuildings",
    "description": "Moultrie Plaza (Edens LLC)",
    "status": "Developer - Active - Design/Permit",
    "address": "",
    "application_date": "2026-02-06",
    "collection_date": "2026-02-08",
    "url": "https://pipes.mpwonline.com/pipes/Projects/projectsdevmanagement.php?projectid=7211",
    "updated_at": "2026-07-25 08:06:58"
   }
  },
  {
   "type": "Feature",
   "geometry": {
    "type": "Point",
    "coordinates": [
     -79.89228759863337,
     32.803365778768224
    ]
   },
   "properties": {
    "source": "water",
    "project_id": "CSAN0725",
    "name": "Everazure LLC",
    "description": null,
    "status": "Developer - Active - Review",
    "address": "",
    "application_date": "2026-02-10",
    "collection_date": "2026-02-13",
    "url": "https://pipes.mpwonline.com/pipes/Projects/projectsdevmanagement.php?projectid=7213",
    "updated_at": "2026-02-13 06:26:08"
   }
  },
  {
   "type": "Feature",
   "geometry": {
    "type": "Point",
    "coordinates": [
     -79.81548085844264,
     32.820413614694445
    ]
   },
   "properties": {
    "source": "water",
    "project_id": "CSAN0726",
    "name": "Construction Resources",
    "description": "Mount Pleasant Waterworks developer project — 1.4 acres",
    "status": "Developer - Active - Closeout",
    "address": "",
    "application_date": "2026-02-11",
    "collection_date": "2026-02-15",
    "url": "https://pipes.mpwonline.com/pipes/Projects/projectsdevmanagement.php?projectid=7214",
    "updated_at": "2026-07-25 08:06:58"
   }
  },
  {
   "type": "Feature",
   "geometry": {
    "type": "Point",
    "coordinates": [
     -79.84926374981065,
     32.80668518608977
    ]
   },
   "properties": {
    "source": "water",
    "project_id": "CSAN0727",
    "name": "Community Pet Wellness",
    "description": "Business Name is Community Pet Wellness",
    "status": "Developer - Active - Pre-Construction",
    "address": "",
    "application_date": "2026-02-25",
    "collection_date": "2026-02-27",
    "url": "https://pipes.mpwonline.com/pipes/Projects/projectsdevmanagement.php?projectid=7221",
    "updated_at": "2026-07-25 08:06:58"
   }
  },
  {
   "type": "Feature",
   "geometry": {
    "type": "Point",
    "coordinates": [
     -79.88120880089228,
     32.79199701313867
    ]
   },
   "properties": {
    "source": "water",
    "project_id": "CSAN0728",
    "name": "Reds Ice House Sanitary Sewer Service Replacement",
    "description": "Existing sewer service damaged and not currently functioning.",
    "status": "Developer - Active - Construction",
    "address": "",
    "application_date": "2026-03-01",
    "collection_date": "2026-03-04",
    "url": "https://pipes.mpwonline.com/pipes/Projects/projectsdevmanagement.php?projectid=7224",
    "updated_at": "2026-07-25 08:06:58"
   }
  },
  {
   "type": "Feature",
   "geometry": {
    "type": "Point",
    "coordinates": [
     -79.89087888835513,
     32.799255695507966
    ]
   },
   "properties": {
    "source": "water",
    "project_id": "CSAN0729",
    "name": "Pecan Jacks of Mount Pleasant",
    "description": "Mount Pleasant Waterworks developer project — 0.1 acres",
    "status": "Developer - Active - Construction",
    "address": "",
    "application_date": "2026-03-03",
    "collection_date": "2026-03-05",
    "url": "https://pipes.mpwonline.com/pipes/Projects/projectsdevmanagement.php?projectid=7225",
    "updated_at": "2026-07-25 08:06:58"
   }
  },
  {
   "type": "Feature",
   "geometry": {
    "type": "Point",
    "coordinates": [
     -79.86358208622526,
     32.81462411386928
    ]
   },
   "properties": {
    "source": "water",
    "project_id": "CSAN0730",
    "name": "Oaks at Mt. Pleasant",
    "description": "Its a Senior Living Facility",
    "status": "Developer - Active - Construction",
    "address": "",
    "application_date": "2026-03-24",
    "collection_date": "2026-03-26",
    "url": "https://pipes.mpwonline.com/pipes/Projects/projectsdevmanagement.php?projectid=7236",
    "updated_at": "2026-07-25 08:06:58"
   }
  },
  {
   "type": "Feature",
   "geometry": {
    "type": "Point",
    "coordinates": [
     -79.88893608734674,
     32.802285887573646
    ]
   },
   "properties": {
    "source": "water",
    "project_id": "CSAN0731",
    "name": "Whole Foods Market Charleston Remodel",
    "description": null,
    "status": "Developer - Active - Design/Permit",
    "address": "",
    "application_date": "2026-03-27",
    "collection_date": "2026-03-29",
    "url": "https://pipes.mpwonline.com/pipes/Projects/projectsdevmanagement.php?projectid=7237",
    "updated_at": "2026-03-29 06:29:41"
   }
  },
  {
   "type": "Feature",
   "geometry": {
    "type": "Point",
    "coordinates": [
     -79.87447234160408,
     32.790649102023636
    ]
   },
   "properties": {
    "source": "water",
    "project_id": "CSAN0732",
    "name": "King Bowls LLC",
    "description": "Install a 4\" fire service line across Simmons St. connect to existing domestic service for this site. ",
    "status": "Developer - Active - Review",
    "address": "",
    "application_date": "2026-04-08",
    "collection_date": "2026-04-11",
    "url": "https://pipes.mpwonline.com/pipes/Projects/projectsdevmanagement.php?projectid=7240",
    "updated_at": "2026-04-11 06:27:26"
   }
  },
  {
   "type": "Feature",
   "geometry": {
    "type": "Point",
    "coordinates": [
     -79.83289162741434,
     32.80847049094871
    ]
   },
   "properties": {
    "source": "water",
    "project_id": "CSAN0733",
    "name": "May I Help You LLC",
    "description": "Concession at baseball fields",
    "status": "Developer - Active - Review",
    "address": "",
    "application_date": "2026-04-20",
    "collection_date": "2026-04-21",
    "url": "https://pipes.mpwonline.com/pipes/Projects/projectsdevmanagement.php?projectid=7247",
    "updated_at": "2026-07-25 08:06:58"
   }
  },
  {
   "type": "Feature",
   "geometry": {
    "type": "Point",
    "coordinates": [
     -79.81835387514391,
     32.89459105504665
    ]
   },
   "properties": {
    "source": "water",
    "project_id": "CSAN0735",
    "name": "Dinky's Tavern",
    "description": "Just need water service transfer with new ownership. We will be doing renovations for 2 months before opening. I have already spoken with Lowcountry grease to obtain FOG agreement closer to opening date.",
    "status": "Developer - Active - Review",
    "address": "",
    "application_date": "2026-05-07",
    "collection_date": "2026-05-09",
    "url": "https://pipes.mpwonline.com/pipes/Projects/projectsdevmanagement.php?projectid=7255",
    "updated_at": "2026-07-25 08:06:58"
   }
  },
  {
   "type": "Feature",
   "geometry": {
    "type": "Point",
    "coordinates": [
     -79.77300594214627,
     32.88470385041959
    ]
   },
   "properties": {
    "source": "water",
    "project_id": "CSAN0737",
    "name": "Carolina Business Park Building 1 - Parking Modifications",
    "description": "Mount Pleasant Waterworks developer project — 6.0 acres",
    "status": "Developer - Active - Review",
    "address": "",
    "application_date": "2026-05-19",
    "collection_date": "2026-05-21",
    "url": "https://pipes.mpwonline.com/pipes/Projects/projectsdevmanagement.php?projectid=7258",
    "updated_at": "2026-07-25 08:06:58"
   }
  },
  {
   "type": "Feature",
   "geometry": {
    "type": "Point",
    "coordinates": [
     -79.84771797859659,
     32.81324130902051
    ]
   },
   "properties": {
    "source": "water",
    "project_id": "CSAN0738",
    "name": "Baguette Magic Mt. Pleasant",
    "description": "This was previously a restaurant, has a 1000 gallon grease trap in place. We are looking to open a breakfast cafe location here, the unit is currently on septic and we are interested in tying the property into city sewer for this use. We have submitted a letter of intent with a due diligence period to understand the cost of tying into sewer in order to operate with the capacity we serve at our other locations.",
    "status": "Developer - Active - Review",
    "address": "",
    "application_date": "2026-06-22",
    "collection_date": "2026-06-24",
    "url": "https://pipes.mpwonline.com/pipes/Projects/projectsdevmanagement.php?projectid=7261",
    "updated_at": "2026-07-25 08:06:58"
   }
  },
  {
   "type": "Feature",
   "geometry": {
    "type": "Point",
    "coordinates": [
     -79.85554122186807,
     32.84059611963688
    ]
   },
   "properties": {
    "source": "water",
    "project_id": "CSAN0739",
    "name": "Lets Mochi Donuts",
    "description": "Mount Pleasant Waterworks developer project — 0.0 acres",
    "status": "Developer - Active - Design/Permit",
    "address": "",
    "application_date": "2026-06-22",
    "collection_date": "2026-06-24",
    "url": "https://pipes.mpwonline.com/pipes/Projects/projectsdevmanagement.php?projectid=7263",
    "updated_at": "2026-07-25 08:06:58"
   }
  },
  {
   "type": "Feature",
   "geometry": {
    "type": "Point",
    "coordinates": [
     -79.77320330367003,
     32.885725974415664
    ]
   },
   "properties": {
    "source": "water",
    "project_id": "CSAN0740",
    "name": "The Flying Pickle",
    "description": "The Flying Pickle is a new interior build out got a pickle ball facility that will include restrooms and locker rooms, new concessions and retail space.",
    "status": "Developer - Active - Design/Permit",
    "address": "",
    "application_date": "2026-06-22",
    "collection_date": "2026-06-24",
    "url": "https://pipes.mpwonline.com/pipes/Projects/projectsdevmanagement.php?projectid=7264",
    "updated_at": "2026-07-25 08:06:58"
   }
  },
  {
   "type": "Feature",
   "geometry": {
    "type": "Point",
    "coordinates": [
     -79.84330729720529,
     32.81404184839407
    ]
   },
   "properties": {
    "source": "water",
    "project_id": "CSAN0741",
    "name": "Wingstop AC333 - Mount Pleasant, SC",
    "description": "This application is for a new Wingstop restaurant. We are moving into an existing tenant space that does not currently have a grease interceptor. This application is for a new grease interceptor. Also, the address is 1485E on the actual storefront of the space.",
    "status": "Developer - Active - Construction",
    "address": "",
    "application_date": "2026-06-08",
    "collection_date": "2026-06-10",
    "url": "https://pipes.mpwonline.com/pipes/Projects/projectsdevmanagement.php?projectid=7265",
    "updated_at": "2026-07-25 08:06:58"
   }
  },
  {
   "type": "Feature",
   "geometry": {
    "type": "Point",
    "coordinates": [
     -79.78517115373813,
     32.862393872339
    ]
   },
   "properties": {
    "source": "water",
    "project_id": "CSAN0743",
    "name": "Cuoco Pazzo Trattoria",
    "description": null,
    "status": "Developer - Active - Design/Permit",
    "address": "",
    "application_date": "2026-06-22",
    "collection_date": "2026-06-24",
    "url": "https://pipes.mpwonline.com/pipes/Projects/projectsdevmanagement.php?projectid=7268",
    "updated_at": "2026-06-24 07:18:13"
   }
  },
  {
   "type": "Feature",
   "geometry": {
    "type": "Point",
    "coordinates": [
     -79.7772991981117,
     32.84242768710305
    ]
   },
   "properties": {
    "source": "water",
    "project_id": "REN0150",
    "name": "1653 Boston Grill Road",
    "description": "Permitting for an Individual Grinder PS",
    "status": "Developer - Active - Closeout",
    "address": "",
    "application_date": "2021-11-22",
    "collection_date": "2025-07-27",
    "url": "https://pipes.mpwonline.com/pipes/Projects/projectsdevmanagement.php?projectid=6015",
    "updated_at": "2026-07-15 08:11:08"
   }
  },
  {
   "type": "Feature",
   "geometry": {
    "type": "Point",
    "coordinates": [
     -79.8061569348532,
     32.88369259836206
    ]
   },
   "properties": {
    "source": "water",
    "project_id": "REN0151",
    "name": "Covington Phase 3",
    "description": "Proposed 40 lot single family residential subdivision",
    "status": "Developer - Active - Design/Permit",
    "address": "",
    "application_date": "2022-01-12",
    "collection_date": "2025-07-27",
    "url": "https://pipes.mpwonline.com/pipes/Projects/projectsdevmanagement.php?projectid=6041",
    "updated_at": "2026-07-25 08:06:58"
   }
  },
  {
   "type": "Feature",
   "geometry": {
    "type": "Point",
    "coordinates": [
     -79.79035579723622,
     32.84436226777902
    ]
   },
   "properties": {
    "source": "water",
    "project_id": "REN0154",
    "name": "Hamlin Road Subdivision - Dan Ryan Builders",
    "description": "20 Lots on 577-00-00-024 & 025 and 4 lots on 577-00-00-022",
    "status": "Developer - Active - Design/Permit",
    "address": "",
    "application_date": "2022-05-26",
    "collection_date": "2025-07-27",
    "url": "https://pipes.mpwonline.com/pipes/Projects/projectsdevmanagement.php?projectid=6128",
    "updated_at": "2026-07-25 08:06:58"
   }
  },
  {
   "type": "Feature",
   "geometry": {
    "type": "Point",
    "coordinates": [
     -79.74530160815175,
     32.87719702600822
    ]
   },
   "properties": {
    "source": "water",
    "project_id": "REN0157",
    "name": "Singleton Subdivision",
    "description": "Extension of sewer and water mains onto a proposed new residential neighborhood.",
    "status": "Developer - Active - Design/Permit",
    "address": "",
    "application_date": "2022-11-21",
    "collection_date": "2025-10-04",
    "url": "https://pipes.mpwonline.com/pipes/Projects/projectsdevmanagement.php?projectid=6324",
    "updated_at": "2026-07-25 08:06:58"
   }
  },
  {
   "type": "Feature",
   "geometry": {
    "type": "Point",
    "coordinates": [
     -79.796970603225,
     32.84711360141008
    ]
   },
   "properties": {
    "source": "water",
    "project_id": "REN0159",
    "name": "Willow Pond Subdivision",
    "description": "Proposed 13 lot subdivision with water and sewer extensions.",
    "status": "Developer - Active - Closeout",
    "address": "",
    "application_date": "2023-04-20",
    "collection_date": "2025-07-27",
    "url": "https://pipes.mpwonline.com/pipes/Projects/projectsdevmanagement.php?projectid=6363",
    "updated_at": "2025-07-27 19:59:06"
   }
  },
  {
   "type": "Feature",
   "geometry": {
    "type": "Point",
    "coordinates": [
     -79.86733525962568,
     32.81923082004398
    ]
   },
   "properties": {
    "source": "water",
    "project_id": "REN0160",
    "name": "Harleston Estates",
    "description": "New subdivision plat",
    "status": "Developer - Active - Design/Permit",
    "address": "",
    "application_date": "2023-01-31",
    "collection_date": "2025-07-27",
    "url": "https://pipes.mpwonline.com/pipes/Projects/projectsdevmanagement.php?projectid=6372",
    "updated_at": "2026-07-25 08:06:58"
   }
  },
  {
   "type": "Feature",
   "geometry": {
    "type": "Point",
    "coordinates": [
     -79.75919641263346,
     32.87015915315957
    ]
   },
   "properties": {
    "source": "water",
    "project_id": "REN0161",
    "name": "Leland Park",
    "description": "Subdivision of an existing parcel into 10 lots, 9 of which will be single-family detached housing and the remaining lot will be residual space.",
    "status": "Developer - Active - Design/Permit",
    "address": "",
    "application_date": "2023-04-20",
    "collection_date": "2025-07-27",
    "url": "https://pipes.mpwonline.com/pipes/Projects/projectsdevmanagement.php?projectid=6401",
    "updated_at": "2026-07-25 08:06:58"
   }
  },
  {
   "type": "Feature",
   "geometry": {
    "type": "Point",
    "coordinates": [
     -79.84434138696321,
     32.80448520034382
    ]
   },
   "properties": {
    "source": "water",
    "project_id": "REN0162",
    "name": "Kingston Row",
    "description": "Subdivision of an existing vacant 1.9 acre residential lot located at 1374 Rifle Range Road in the Town of Mount Pleasant into a new single family residential development consisting of 5 individual lots. Project will include a new 333 LF public access road with a 50' right of way. An existing 6-inch MPWW water main is located along Rifle Range.  A new 6-inch water main is planned to connect to the existing water main and extend 382' within the existing right-of-way, new right-of-way and in dedicated easements. The new water main will end at a new fire hydrant, individual lots services and meters will be provided off of the new main. Gravity sanitary sewer service is not readily available.  A proposed 8-inch sanitary sewer gravity extension is proposed to connect to an existing manhole in the Oakhaven subdivision between lot 1401 (TMS 5600900009) and lot 1403 (TMS 5600900008) to provide gravity sanitary sewer service to the new lots. The new sewer system will be 769 lf with five new manholes.  The new sanitary sewer main will consist of 345 lf on new piping  in the new roadway right-of-way, 291 lf within the SCDOT right-of-way (45 lf open cut crossing under Rifle Range Road, 246 lf parallel to Rifle Range Road), 9 lf on Oakhaven HOA property followed by 121 lf between lots 1401 and 1403, then 3 lf to connect to the existing manhole in the School House Road right-of-way. New residential sewer services will be provided off of the new 8-inch gravity main within the new road right-of-way for the residential development. Permitting will be through MPWW as the DRP along with SCDHEC.",
    "status": "Developer - Active - Pre-Construction",
    "address": "",
    "application_date": "2024-05-06",
    "collection_date": "2025-07-27",
    "url": "https://pipes.mpwonline.com/pipes/Projects/projectsdevmanagement.php?projectid=6402",
    "updated_at": "2026-07-25 08:06:58"
   }
  },
  {
   "type": "Feature",
   "geometry": {
    "type": "Point",
    "coordinates": [
     -79.86293889994437,
     32.82013122535964
    ]
   },
   "properties": {
    "source": "water",
    "project_id": "REN0163",
    "name": "Dupre Lane Water Main",
    "description": "Approximately 630 LF of 6\"PVC water main extension to provide better fire service to Dupre Lane lots",
    "status": "Developer - Active - Design/Permit",
    "address": "",
    "application_date": "2023-05-01",
    "collection_date": "2025-07-27",
    "url": "https://pipes.mpwonline.com/pipes/Projects/projectsdevmanagement.php?projectid=6414",
    "updated_at": "2026-07-25 08:06:58"
   }
  },
  {
   "type": "Feature",
   "geometry": {
    "type": "Point",
    "coordinates": [
     -79.81658263245282,
     32.8857156975983
    ]
   },
   "properties": {
    "source": "water",
    "project_id": "REN0165",
    "name": "1742 Habersham Road Subdivision ",
    "description": "Existing undeveloped lot to be developed as a four lot single family residential subdivision.",
    "status": "Developer - Active - Construction",
    "address": "",
    "application_date": "2023-11-05",
    "collection_date": "2025-07-27",
    "url": "https://pipes.mpwonline.com/pipes/Projects/projectsdevmanagement.php?projectid=6574",
    "updated_at": "2026-07-25 08:06:58"
   }
  },
  {
   "type": "Feature",
   "geometry": {
    "type": "Point",
    "coordinates": [
     -79.72579684801724,
     32.90519732257872
    ]
   },
   "properties": {
    "source": "water",
    "project_id": "REN0167",
    "name": "JFR Residential",
    "description": "This project is for one residential mobile home. Installation of one sanitary sewer gravity service. Installation of one sanitary sewer grinder pump station. Installation of sanitary sewer force main into existing force main in Tobacco Road.",
    "status": "Developer - Active - Design/Permit",
    "address": "",
    "application_date": "2024-06-25",
    "collection_date": "2025-07-27",
    "url": "https://pipes.mpwonline.com/pipes/Projects/projectsdevmanagement.php?projectid=6721",
    "updated_at": "2026-07-25 08:06:58"
   }
  },
  {
   "type": "Feature",
   "geometry": {
    "type": "Point",
    "coordinates": [
     -79.79355450964115,
     32.84590570020962
    ]
   },
   "properties": {
    "source": "water",
    "project_id": "REN0168 ",
    "name": "Hamlin Road Subdivision - David Weekley Homes ",
    "description": "I would like to know if we can install a water main extension to get water to the two properties and if we can tie into the 4 inch force main with grinder pumps for 8 homes? ",
    "status": "Developer - Active - Review",
    "address": "",
    "application_date": "2024-08-16",
    "collection_date": "2025-07-27",
    "url": "https://pipes.mpwonline.com/pipes/Projects/projectsdevmanagement.php?projectid=6788",
    "updated_at": "2025-07-27 19:59:06"
   }
  },
  {
   "type": "Feature",
   "geometry": {
    "type": "Point",
    "coordinates": [
     -79.77570826173587,
     32.87973058757868
    ]
   },
   "properties": {
    "source": "water",
    "project_id": "REN0169",
    "name": "The Towns at Carolina Park",
    "description": "Mount Pleasant Waterworks developer project — 12.6 acres",
    "status": "Developer - Active - Closeout",
    "address": "",
    "application_date": "2024-09-12",
    "collection_date": "2025-07-27",
    "url": "https://pipes.mpwonline.com/pipes/Projects/projectsdevmanagement.php?projectid=6795",
    "updated_at": "2026-07-25 08:06:58"
   }
  },
  {
   "type": "Feature",
   "geometry": {
    "type": "Point",
    "coordinates": [
     -79.75775112339176,
     32.89819974635571
    ]
   },
   "properties": {
    "source": "water",
    "project_id": "REN0170",
    "name": "Riverside Estates",
    "description": "New water and sewer services for two single family residential lots",
    "status": "Developer - Active - Design/Permit",
    "address": "",
    "application_date": "2024-09-24",
    "collection_date": "2025-07-27",
    "url": "https://pipes.mpwonline.com/pipes/Projects/projectsdevmanagement.php?projectid=6804",
    "updated_at": "2026-07-25 08:06:58"
   }
  },
  {
   "type": "Feature",
   "geometry": {
    "type": "Point",
    "coordinates": [
     -79.7833502393348,
     32.841287003556474
    ]
   },
   "properties": {
    "source": "water",
    "project_id": "REN0171",
    "name": "Water and Sewer Extension Hamlin Beach Road",
    "description": "The property owner is developing a parcel of land (TMS# 577-00-00-041) off Alfred Campbell Road into three (3) individual home lots.  There are currently no utilities along Alfred Campbell Road to serve this parcel.  Water and sewer main extensions are planned in order to serve the three (3) new lots being developed on this parcel.",
    "status": "Developer - Active - Design/Permit",
    "address": "",
    "application_date": "2024-09-30",
    "collection_date": "2025-07-27",
    "url": "https://pipes.mpwonline.com/pipes/Projects/projectsdevmanagement.php?projectid=6807",
    "updated_at": "2025-07-27 19:59:06"
   }
  },
  {
   "type": "Feature",
   "geometry": {
    "type": "Point",
    "coordinates": [
     -79.81541288143725,
     32.887913885599254
    ]
   },
   "properties": {
    "source": "water",
    "project_id": "REN0172",
    "name": "Lot 3 Tugman Road",
    "description": "Looking to subdivide lot into three residential lots.  Property accessed from a 25 foot ingress/egress easement ( Tugman Road) off Habersham road ",
    "status": "Developer - Active - Review",
    "address": "",
    "application_date": "2025-03-05",
    "collection_date": "2025-07-27",
    "url": "https://pipes.mpwonline.com/pipes/Projects/projectsdevmanagement.php?projectid=6907",
    "updated_at": "2025-07-27 19:59:06"
   }
  },
  {
   "type": "Feature",
   "geometry": {
    "type": "Point",
    "coordinates": [
     -79.7804018205901,
     32.84251418090177
    ]
   },
   "properties": {
    "source": "water",
    "project_id": "REN0173",
    "name": "Caper's Place",
    "description": "Currently in the process of Annexing into ToMP. On the March 19, 2025 agenda",
    "status": "Developer - Active - Design/Permit",
    "address": "",
    "application_date": "2025-03-12",
    "collection_date": "2025-07-27",
    "url": "https://pipes.mpwonline.com/pipes/Projects/projectsdevmanagement.php?projectid=6919",
    "updated_at": "2026-07-25 08:06:58"
   }
  },
  {
   "type": "Feature",
   "geometry": {
    "type": "Point",
    "coordinates": [
     -79.80092284729659,
     32.85139664513284
    ]
   },
   "properties": {
    "source": "water",
    "project_id": "REN0174",
    "name": "McKnight Road - TMS#578-00-00-036 ",
    "description": "Property will be subdivided into two lots for a total of two homes that will be 35 foot or les in total height.  Sewer was just commissioned on McKnight Road what options do I have to tie two lots in?  Can we tie two (2) - 2\" PVC fore mains for two grinder pumps to the new manhole same method the other two homes connected with?",
    "status": "Developer - Active - Design/Permit",
    "address": "",
    "application_date": "2025-07-17",
    "collection_date": "2025-07-27",
    "url": "https://pipes.mpwonline.com/pipes/Projects/projectsdevmanagement.php?projectid=7081",
    "updated_at": "2026-07-25 08:06:58"
   }
  },
  {
   "type": "Feature",
   "geometry": {
    "type": "Point",
    "coordinates": [
     -79.75460773601742,
     32.87997802240927
    ]
   },
   "properties": {
    "source": "water",
    "project_id": "REN0175",
    "name": "Tower Drive Subdivision",
    "description": "Mount Pleasant Waterworks developer project — 1.6 acres",
    "status": "Developer - Active - Design/Permit",
    "address": "",
    "application_date": "2025-08-15",
    "collection_date": "2025-08-20",
    "url": "https://pipes.mpwonline.com/pipes/Projects/projectsdevmanagement.php?projectid=7103",
    "updated_at": "2026-07-25 08:06:58"
   }
  },
  {
   "type": "Feature",
   "geometry": {
    "type": "Point",
    "coordinates": [
     -79.86377211807641,
     32.79741245788027
    ]
   },
   "properties": {
    "source": "water",
    "project_id": "REN0176",
    "name": "Arbor Point (FKA Shade-A-Plenty)",
    "description": "Mount Pleasant Waterworks developer project — 3.1 acres",
    "status": "Developer - Active - Design/Permit",
    "address": "",
    "application_date": "2025-08-18",
    "collection_date": "2025-08-20",
    "url": "https://pipes.mpwonline.com/pipes/Projects/projectsdevmanagement.php?projectid=7107",
    "updated_at": "2026-07-25 08:06:58"
   }
  },
  {
   "type": "Feature",
   "geometry": {
    "type": "Point",
    "coordinates": [
     -79.86856834098525,
     32.84753294317969
    ]
   },
   "properties": {
    "source": "water",
    "project_id": "REN0177",
    "name": "Hibben Phase 7",
    "description": "Phase 7 of the Hibben neighborhood to develop 9 lots",
    "status": "Developer - Active - Design/Permit",
    "address": "",
    "application_date": "2025-09-17",
    "collection_date": "2025-10-04",
    "url": "https://pipes.mpwonline.com/pipes/Projects/projectsdevmanagement.php?projectid=7134",
    "updated_at": "2026-07-25 08:06:58"
   }
  },
  {
   "type": "Feature",
   "geometry": {
    "type": "Point",
    "coordinates": [
     -79.78122217316039,
     32.845669774405124
    ]
   },
   "properties": {
    "source": "water",
    "project_id": "REN0178",
    "name": "Ida Road Subdivision",
    "description": "Please provide a willingness to serve / availability letter for the project thank you!",
    "status": "Developer - Active - Design/Permit",
    "address": "",
    "application_date": "2025-11-06",
    "collection_date": "2025-11-08",
    "url": "https://pipes.mpwonline.com/pipes/Projects/projectsdevmanagement.php?projectid=7167",
    "updated_at": "2026-07-25 08:06:58"
   }
  },
  {
   "type": "Feature",
   "geometry": {
    "type": "Point",
    "coordinates": [
     -79.802092783859,
     32.85245501072419
    ]
   },
   "properties": {
    "source": "water",
    "project_id": "REN0179",
    "name": "McKnight Road Development",
    "description": "ebutler@seamonwhiteside.com",
    "status": "Developer - Active - Design/Permit",
    "address": "",
    "application_date": "2025-11-14",
    "collection_date": "2025-11-16",
    "url": "https://pipes.mpwonline.com/pipes/Projects/projectsdevmanagement.php?projectid=7175",
    "updated_at": "2026-07-25 08:06:58"
   }
  },
  {
   "type": "Feature",
   "geometry": {
    "type": "Point",
    "coordinates": [
     -79.81701422660322,
     32.88846294357896
    ]
   },
   "properties": {
    "source": "water",
    "project_id": "REN0180",
    "name": "1789 Hwy 41 Development",
    "description": "Mount Pleasant Waterworks developer project — 17.8 acres",
    "status": "Developer - Active - Review",
    "address": "",
    "application_date": "2026-02-02",
    "collection_date": "2026-02-04",
    "url": "https://pipes.mpwonline.com/pipes/Projects/projectsdevmanagement.php?projectid=7206",
    "updated_at": "2026-07-25 08:06:58"
   }
  },
  {
   "type": "Feature",
   "geometry": {
    "type": "Point",
    "coordinates": [
     -79.80886552266563,
     32.84303632288274
    ]
   },
   "properties": {
    "source": "water",
    "project_id": "REN0181",
    "name": "The Ponds at Vaughn Ed Kee",
    "description": "Availability Letter for 28 SFR homes",
    "status": "Developer - Active - Review",
    "address": "",
    "application_date": "2026-02-02",
    "collection_date": "2026-02-04",
    "url": "https://pipes.mpwonline.com/pipes/Projects/projectsdevmanagement.php?projectid=7208",
    "updated_at": "2026-07-25 08:06:58"
   }
  },
  {
   "type": "Feature",
   "geometry": {
    "type": "Point",
    "coordinates": [
     -79.81152659080391,
     32.88346139689763
    ]
   },
   "properties": {
    "source": "water",
    "project_id": "REN0182",
    "name": "1651 Hwy 41 ",
    "description": "the existing parcel is to be subdivided into three single family homes, with the existing home to remain as one of the three",
    "status": "Developer - Active - Design/Permit",
    "address": "",
    "application_date": "2026-06-22",
    "collection_date": "2026-06-24",
    "url": "https://pipes.mpwonline.com/pipes/Projects/projectsdevmanagement.php?projectid=7270",
    "updated_at": "2026-07-25 08:06:58"
   }
  },
  {
   "type": "Feature",
   "geometry": {
    "type": "Point",
    "coordinates": [
     -79.90146104503783,
     32.81257872095463
    ]
   },
   "properties": {
    "source": "water",
    "project_id": "RSA0932",
    "name": "767 3rd St.",
    "description": "Utility Proof of Coordination Letter for new SF building permit and/or Water and Wastewater Availability Letter. ",
    "status": "Developer - Active - Review",
    "address": "",
    "application_date": "2025-05-30",
    "collection_date": "2025-07-27",
    "url": "https://pipes.mpwonline.com/pipes/Projects/projectsdevmanagement.php?projectid=7008",
    "updated_at": "2025-07-27 19:59:06"
   }
  }
 ]
}
